Celoprefarbený massa gres;The One Interiors;INTERIORS FIORI GRIGIO;Flower Grigio;60x60;The One Interiors;Exteriors;nie;CeDir;Imola;Taliansko;exteriér;dlažba;dlažba|gres;exteriors-flower-grigio-60x60;1;7,8,9,10,12,13,14,15,17,19,21,22;11;3;1.08;32;34.56;787;šedá;zdrsnený;dobrá;R11;A+B+C;áno;8;5;122;5;0,15;V2;od 2,5;;I;30.00 €;14.90 €;16.69 €;;INTERIORS FIORI GRIGIO 60x60;;m2;342.36;180000;;;;,7,8,9,10,12,13,14,15,17,19,21,22,; ; ; ; ; ; ;7;8;9;10; ;12;13;14;15; ;17; ;19; ;21;22;;exteriors-flower-grigio-60x60.jpg;bnv;1;1;1;0;1;1;0;;;Flower Grigio zo série Exteriors je celoprefarbený massa gres rozmer 60x60 mm do interiérových,  i exteriérových priestorov. Zdrsnený dlažba|gres je použiteľný do obchodu, na fasády, do vstupov budov, pivníc, garáží, šatne, do priestorov so záťažou ;Flower Grigio, Exteriors, Celoprefarbený massa gres, dlažba|gres, zdrsnený, mrazuvzdornosť, ;"Dlažba Flower Grigio zo série Exteriors, je nerektifikovaný, celoprefarbený massa gres rozmeru 60x60 cm od výrobcu Imola - Taliansko. Hrúbka materiálu je 11 mm, s doporučenou šírkou špár od 2,5 mm.
TECHNICKÉ VLASTNOSTI: 
šedá farba, zdrsnený povrch, dobrá protišmykovosť (trieda protišmykovosti R11, trieda protišmykovosti bosá noha A+B+C), mrazuvzdornosť, tvrdosť 8, trieda oteruvzdornosti 5, obrusnosť ≤ 122 mm³, trieda odolnosti voči škvrnám 5, nasiakavosť ≤ 0,15 %, variabilita vzoru V2.
MATERIÁL JE URČENÝ DO: 
bytových, nebytových i vonkajších priestorov. Dlažba je vhodná na fasádu, do obchodných priestorov, do vstupov budov, na terasy, chodníky, vonkajšie schodiská a balkóny, do pivníc, do garáží, do wellness, bazénov a okolia, do šatní, extrémne zaťažovaných a iných vhodných priestorov. 

Bežná cena je 36 €/m2 s DPH.
VAŠA CENA je 17.88 €/m2 s DPH.";60;60;"Dlažba je vhodná na fasádu, do obchodných priestorov, do vstupov budov, na terasy, chodníky, vonkajšie schodiská a balkóny, do pivníc, do garáží, do wellness, bazénov a okolia, do šatní, extrémne zaťažovaných a iných vhodných priestorov. 

Bežná cena je 36 €/m2 s DPH.
VAŠA CENA je 17.88 €/m2 s DPH.";14.1848;;exteriors-flower-grigio-60x60;exteriors-flower-grigio-60x60;;;;;1;;1;;1;1
Celoprefarbený massa gres;;INTERIORS FIORI GRIGIO;Flower Grigio;15x60;The One Interiors;Exteriors;nie;CeDir;Imola;Taliansko;exteriér;dlažba;dlažba|gres;exteriors-flower-grigio-15x60;1;7,8,9,10,12,13,14,15,17,19,21,22;11;12;1.08;32;34.56;787;šedá;zdrsnený;dobrá;R11;A+B+C;áno;8;5;122;5;0,15;V2;od 2,5;;I;35.00 €;19.50 €;21.84 €;;INTERIORS FIORI GRIGIO 15x60;;m2;-2;180000;;;;,7,8,9,10,12,13,14,15,17,19,21,22,; ; ; ; ; ; ;7;8;9;10; ;12;13;14;15; ;17; ;19; ;21;22;;exteriors-flower-grigio-15x60.jpg;bnv;1;1;1;0;1;1;0;;;Flower Grigio zo série Exteriors je celoprefarbený massa gres rozmer 15x60 mm do interiérových,  i exteriérových priestorov. Zdrsnený dlažba|gres je použiteľný do obchodu, na fasády, do vstupov budov, pivníc, garáží, šatne, do priestorov so záťažou ;Flower Grigio, Exteriors, Celoprefarbený massa gres, dlažba|gres, zdrsnený, mrazuvzdorná, ;"Dlažba Flower Grigio zo série Exteriors, je nerektifikovaný, celoprefarbený massa gres rozmeru 15x60 cm od výrobcu Imola - Taliansko. Hrúbka materiálu je 11 mm, s doporučenou šírkou špár od 2,5 mm.
TECHNICKÉ VLASTNOSTI: 
šedá farba, zdrsnený povrch, dobrá protišmykovosť (trieda protišmykovosti R11, trieda protišmykovosti bosá noha A+B+C), mrazuvzdornosť, tvrdosť 8, trieda oteruvzdornosti 5, obrusnosť ≤ 122 mm³, trieda odolnosti voči škvrnám 5, nasiakavosť ≤ 0,15 %, variabilita vzoru V2.
MATERIÁL JE URČENÝ DO: 
bytových, nebytových i vonkajších priestorov. Dlažba je vhodná na fasádu, do obchodných priestorov, do vstupov budov, na terasy, chodníky, vonkajšie schodiská a balkóny, do pivníc, do garáží, do wellness, bazénov a okolia, do šatní, extrémne zaťažovaných a iných vhodných priestorov. 

Bežná cena je 42 €/m2 s DPH.
VAŠA CENA je 23.4 €/m2 s DPH.";15;60;"Dlažba je vhodná na fasádu, do obchodných priestorov, do vstupov budov, na terasy, chodníky, vonkajšie schodiská a balkóny, do pivníc, do garáží, do wellness, bazénov a okolia, do šatní, extrémne zaťažovaných a iných vhodných priestorov. 

Bežná cena je 42 €/m2 s DPH.
VAŠA CENA je 23.4 €/m2 s DPH.";18.564;;exteriors-flower-grigio-15x60;exteriors-flower-grigio-15x60;;;;;1;;1;;1;1
Celoprefarbený massa gres;;INTERIORS FIORI ORO;Flower Oro;60x60;The One Interiors;Exteriors;nie;CeDir;Imola;Taliansko;exteriér;dlažba;dlažba|gres;exteriors-flower-oro-60x60;1;7,8,9,10,12,13,14,15,17,19,21,22;11;3;1.08;32;34.56;787;žltá;zdrsnený;dobrá;R11;A+B+C;áno;8;5;122;5;0,15;V2;od 2,5;;I;30.00 €;14.90 €;16.69 €;;INTERIORS FIORI ORO 60x60;;m2;50.76;180000;;;;,7,8,9,10,12,13,14,15,17,19,21,22,; ; ; ; ; ; ;7;8;9;10; ;12;13;14;15; ;17; ;19; ;21;22;;exteriors-flower-oro-60x60.jpg;bnv;1;1;1;0;1;1;0;;;Flower Oro zo série Exteriors je celoprefarbený massa gres rozmer 60x60 mm do interiérových,  i exteriérových priestorov. Zdrsnený dlažba|gres je použiteľný do obchodu, na fasády, do vstupov budov, pivníc, garáží, šatne, do priestorov so záťažou ;Flower Oro, Exteriors, Celoprefarbený massa gres, dlažba|gres, zdrsnený, mrazuvzdorná, ;"Dlažba Flower Oro zo série Exteriors, je nerektifikovaný, celoprefarbený massa gres rozmeru 60x60 cm od výrobcu Imola - Taliansko. Hrúbka materiálu je 11 mm, s doporučenou šírkou špár od 2,5 mm.
TECHNICKÉ VLASTNOSTI: 
žltá farba, zdrsnený povrch, dobrá protišmykovosť (trieda protišmykovosti R11, trieda protišmykovosti bosá noha A+B+C), mrazuvzdornosť, tvrdosť 8, trieda oteruvzdornosti 5, obrusnosť ≤ 122 mm³, trieda odolnosti voči škvrnám 5, nasiakavosť ≤ 0,15 %, variabilita vzoru V2.
MATERIÁL JE URČENÝ DO: 
bytových, nebytových i vonkajších priestorov. Dlažba je vhodná na fasádu, do obchodných priestorov, do vstupov budov, na terasy, chodníky, vonkajšie schodiská a balkóny, do pivníc, do garáží, do wellness, bazénov a okolia, do šatní, extrémne zaťažovaných a iných vhodných priestorov. 

Bežná cena je 36 €/m2 s DPH.
VAŠA CENA je 17.88 €/m2 s DPH.";60;60;"Dlažba je vhodná na fasádu, do obchodných priestorov, do vstupov budov, na terasy, chodníky, vonkajšie schodiská a balkóny, do pivníc, do garáží, do wellness, bazénov a okolia, do šatní, extrémne zaťažovaných a iných vhodných priestorov. 

Bežná cena je 36 €/m2 s DPH.
VAŠA CENA je 17.88 €/m2 s DPH.";14.1848;;exteriors-flower-oro-60x60;exteriors-flower-oro-60x60;;;;;1;;1;;1;1
Celoprefarbený massa gres;;INTERIORS FIORI ORO;Flower Oro;15x60;The One Interiors;Exteriors;nie;CeDir;Imola;Taliansko;exteriér;dlažba;dlažba|gres;exteriors-flower-oro-15x60;1;7,8,9,10,12,13,14,15,17,19,21,22;11;12;1.08;32;34.56;787;žltá;zdrsnený;dobrá;R11;A+B+C;áno;8;5;122;5;0,15;V2;od 2,5;;I;35.00 €;19.50 €;21.84 €;;INTERIORS FIORI ORO 15x60;;m2;-2;180000;;;;,7,8,9,10,12,13,14,15,17,19,21,22,; ; ; ; ; ; ;7;8;9;10; ;12;13;14;15; ;17; ;19; ;21;22;;exteriors-flower-oro-15x60.jpg;bnv;1;1;1;0;1;1;0;;;Flower Oro zo série Exteriors je celoprefarbený massa gres rozmer 15x60 mm do interiérových,  i exteriérových priestorov. Zdrsnený dlažba|gres je použiteľný do obchodu, na fasády, do vstupov budov, pivníc, garáží, šatne, do priestorov so záťažou ;Flower Oro, Exteriors, Celoprefarbený massa gres, dlažba|gres, zdrsnený, mrazuvzdorná, ;"Dlažba Flower Oro zo série Exteriors, je nerektifikovaný, celoprefarbený massa gres rozmeru 15x60 cm od výrobcu Imola - Taliansko. Hrúbka materiálu je 11 mm, s doporučenou šírkou špár od 2,5 mm.
TECHNICKÉ VLASTNOSTI: 
žltá farba, zdrsnený povrch, dobrá protišmykovosť (trieda protišmykovosti R11, trieda protišmykovosti bosá noha A+B+C), mrazuvzdornosť, tvrdosť 8, trieda oteruvzdornosti 5, obrusnosť ≤ 122 mm³, trieda odolnosti voči škvrnám 5, nasiakavosť ≤ 0,15 %, variabilita vzoru V2.
MATERIÁL JE URČENÝ DO: 
bytových, nebytových i vonkajších priestorov. Dlažba je vhodná na fasádu, do obchodných priestorov, do vstupov budov, na terasy, chodníky, vonkajšie schodiská a balkóny, do pivníc, do garáží, do wellness, bazénov a okolia, do šatní, extrémne zaťažovaných a iných vhodných priestorov. 

Bežná cena je 42 €/m2 s DPH.
VAŠA CENA je 23.4 €/m2 s DPH.";15;60;"Dlažba je vhodná na fasádu, do obchodných priestorov, do vstupov budov, na terasy, chodníky, vonkajšie schodiská a balkóny, do pivníc, do garáží, do wellness, bazénov a okolia, do šatní, extrémne zaťažovaných a iných vhodných priestorov. 

Bežná cena je 42 €/m2 s DPH.
VAŠA CENA je 23.4 €/m2 s DPH.";18.564;;exteriors-flower-oro-15x60;exteriors-flower-oro-15x60;;;;;1;;1;;1;1
Celoprefarbený massa gres;;INTERIORS FIORI MOKA;Flower Moka;60x60;The One Interiors;Exteriors;nie;CeDir;Imola;Taliansko;exteriér;dlažba;dlažba|gres;exteriors-flower-moka-60x60;1;7,8,9,10,12,13,14,15,17,19,21,22;11;3;1.08;32;34.56;787;hnedá;zdrsnený;dobrá;R11;A+B+C;áno;8;5;122;5;0,15;V2;od 2,5;;I;30.00 €;14.90 €;16.69 €;;INTERIORS FIORI MOKA 60x60;;m2;932.04;180000;;;;,7,8,9,10,12,13,14,15,17,19,21,22,; ; ; ; ; ; ;7;8;9;10; ;12;13;14;15; ;17; ;19; ;21;22;;exteriors-flower-moka-60x60.jpg;bnv;1;1;1;0;1;1;0;;;Flower Moka zo série Exteriors je celoprefarbený massa gres rozmer 60x60 mm do interiérových,  i exteriérových priestorov. Zdrsnený dlažba|gres je použiteľný do obchodu, na fasády, do vstupov budov, pivníc, garáží, šatne, do priestorov so záťažou ;Flower Moka, Exteriors, Celoprefarbený massa gres, dlažba|gres, zdrsnený, mrazuvzdorná, ;"Dlažba Flower Moka zo série Exteriors, je nerektifikovaný, celoprefarbený massa gres rozmeru 60x60 cm od výrobcu Imola - Taliansko. Hrúbka materiálu je 11 mm, s doporučenou šírkou špár od 2,5 mm.
TECHNICKÉ VLASTNOSTI: 
hnedá farba, zdrsnený povrch, dobrá protišmykovosť (trieda protišmykovosti R11, trieda protišmykovosti bosá noha A+B+C), mrazuvzdornosť, tvrdosť 8, trieda oteruvzdornosti 5, obrusnosť ≤ 122 mm³, trieda odolnosti voči škvrnám 5, nasiakavosť ≤ 0,15 %, variabilita vzoru V2.
MATERIÁL JE URČENÝ DO: 
bytových, nebytových i vonkajších priestorov. Dlažba je vhodná na fasádu, do obchodných priestorov, do vstupov budov, na terasy, chodníky, vonkajšie schodiská a balkóny, do pivníc, do garáží, do wellness, bazénov a okolia, do šatní, extrémne zaťažovaných a iných vhodných priestorov. 

Bežná cena je 36 €/m2 s DPH.
VAŠA CENA je 17.88 €/m2 s DPH.";60;60;"Dlažba je vhodná na fasádu, do obchodných priestorov, do vstupov budov, na terasy, chodníky, vonkajšie schodiská a balkóny, do pivníc, do garáží, do wellness, bazénov a okolia, do šatní, extrémne zaťažovaných a iných vhodných priestorov. 

Bežná cena je 36 €/m2 s DPH.
VAŠA CENA je 17.88 €/m2 s DPH.";14.1848;;exteriors-flower-moka-60x60;exteriors-flower-moka-60x60;;;;;1;;1;;1;1
Celoprefarbený massa gres;;INTERIORS FIORI MOKA;Flower Moka;15x60;The One Interiors;Exteriors;nie;CeDir;Imola;Taliansko;exteriér;dlažba;dlažba|gres;exteriors-flower-moka-15x60;1;7,8,9,10,12,13,14,15,17,19,21,22;11;12;1.08;32;34.56;787;hnedá;zdrsnený;dobrá;R11;A+B+C;áno;8;5;122;5;0,15;V2;od 2,5;;I;35.00 €;19.50 €;21.84 €;;INTERIORS FIORI MOKA 15x60;;m2;-2;180000;;;;,7,8,9,10,12,13,14,15,17,19,21,22,; ; ; ; ; ; ;7;8;9;10; ;12;13;14;15; ;17; ;19; ;21;22;;exteriors-flower-moka-15x60.jpg;bnv;1;1;1;0;1;1;0;;;Flower Moka zo série Exteriors je celoprefarbený massa gres rozmer 15x60 mm do interiérových,  i exteriérových priestorov. Zdrsnený dlažba|gres je použiteľný do obchodu, na fasády, do vstupov budov, pivníc, garáží, šatne, do priestorov so záťažou ;Flower Moka, Exteriors, Celoprefarbený massa gres, dlažba|gres, zdrsnený, mrazuvzdorná, ;"Dlažba Flower Moka zo série Exteriors, je nerektifikovaný, celoprefarbený massa gres rozmeru 15x60 cm od výrobcu Imola - Taliansko. Hrúbka materiálu je 11 mm, s doporučenou šírkou špár od 2,5 mm.
TECHNICKÉ VLASTNOSTI: 
hnedá farba, zdrsnený povrch, dobrá protišmykovosť (trieda protišmykovosti R11, trieda protišmykovosti bosá noha A+B+C), mrazuvzdornosť, tvrdosť 8, trieda oteruvzdornosti 5, obrusnosť ≤ 122 mm³, trieda odolnosti voči škvrnám 5, nasiakavosť ≤ 0,15 %, variabilita vzoru V2.
MATERIÁL JE URČENÝ DO: 
bytových, nebytových i vonkajších priestorov. Dlažba je vhodná na fasádu, do obchodných priestorov, do vstupov budov, na terasy, chodníky, vonkajšie schodiská a balkóny, do pivníc, do garáží, do wellness, bazénov a okolia, do šatní, extrémne zaťažovaných a iných vhodných priestorov. 

Bežná cena je 42 €/m2 s DPH.
VAŠA CENA je 23.4 €/m2 s DPH.";15;60;"Dlažba je vhodná na fasádu, do obchodných priestorov, do vstupov budov, na terasy, chodníky, vonkajšie schodiská a balkóny, do pivníc, do garáží, do wellness, bazénov a okolia, do šatní, extrémne zaťažovaných a iných vhodných priestorov. 

Bežná cena je 42 €/m2 s DPH.
VAŠA CENA je 23.4 €/m2 s DPH.";18.564;;exteriors-flower-moka-15x60;exteriors-flower-moka-15x60;;;;;1;;1;;1;1
Celoprefarbený massa gres;;INTERIORS FIORI VERDE;Flower Verde;60x60;The One Interiors;Exteriors;nie;CeDir;Imola;Taliansko;exteriér;dlažba;dlažba|gres;exteriors-flower-verde-60x60;1;7,8,9,10,12,13,14,15,17,19,21,22;11;3;1.08;32;34.56;787;zelená;zdrsnený;dobrá;R11;A+B+C;áno;8;5;122;5;0,15;V2;od 2,5;;I;30.00 €;14.90 €;16.69 €;;INTERIORS FIORI VERDE 60x60;;m2;549.72;180000;;;;,7,8,9,10,12,13,14,15,17,19,21,22,; ; ; ; ; ; ;7;8;9;10; ;12;13;14;15; ;17; ;19; ;21;22;;exteriors-flower-verde-60x60.jpg;bnv;1;1;1;0;1;1;0;;;Flower Verde zo série Exteriors je celoprefarbený massa gres rozmer 60x60 mm do interiérových,  i exteriérových priestorov. Zdrsnený dlažba|gres je použiteľný do obchodu, na fasády, do vstupov budov, pivníc, garáží, šatne, do priestorov so záťažou ;Flower Verde, Exteriors, Celoprefarbený massa gres, dlažba|gres, zdrsnený, mrazuvzdorná, ;"Dlažba Flower Verde zo série Exteriors, je nerektifikovaný, celoprefarbený massa gres rozmeru 60x60 cm od výrobcu Imola - Taliansko. Hrúbka materiálu je 11 mm, s doporučenou šírkou špár od 2,5 mm.
TECHNICKÉ VLASTNOSTI: 
zelená farba, zdrsnený povrch, dobrá protišmykovosť (trieda protišmykovosti R11, trieda protišmykovosti bosá noha A+B+C), mrazuvzdornosť, tvrdosť 8, trieda oteruvzdornosti 5, obrusnosť ≤ 122 mm³, trieda odolnosti voči škvrnám 5, nasiakavosť ≤ 0,15 %, variabilita vzoru V2.
MATERIÁL JE URČENÝ DO: 
bytových, nebytových i vonkajších priestorov. Dlažba je vhodná na fasádu, do obchodných priestorov, do vstupov budov, na terasy, chodníky, vonkajšie schodiská a balkóny, do pivníc, do garáží, do wellness, bazénov a okolia, do šatní, extrémne zaťažovaných a iných vhodných priestorov. 

Bežná cena je 36 €/m2 s DPH.
VAŠA CENA je 17.88 €/m2 s DPH.";60;60;"Dlažba je vhodná na fasádu, do obchodných priestorov, do vstupov budov, na terasy, chodníky, vonkajšie schodiská a balkóny, do pivníc, do garáží, do wellness, bazénov a okolia, do šatní, extrémne zaťažovaných a iných vhodných priestorov. 

Bežná cena je 36 €/m2 s DPH.
VAŠA CENA je 17.88 €/m2 s DPH.";14.1848;;exteriors-flower-verde-60x60;exteriors-flower-verde-60x60;;;;;1;;1;;1;1
Celoprefarbený massa gres;;INTERIORS FIORI VERDE;Flower Verde;15x60;The One Interiors;Exteriors;nie;CeDir;Imola;Taliansko;exteriér;dlažba;dlažba|gres;exteriors-flower-verde-15x60;1;7,8,9,10,12,13,14,15,17,19,21,22;11;12;1.08;32;34.56;787;zelená;zdrsnený;dobrá;R11;A+B+C;áno;8;5;122;5;0,15;V2;od 2,5;;I;35.00 €;19.50 €;21.84 €;;INTERIORS FIORI VERDE 15x60;;m2;-2;180000;;;;,7,8,9,10,12,13,14,15,17,19,21,22,; ; ; ; ; ; ;7;8;9;10; ;12;13;14;15; ;17; ;19; ;21;22;;exteriors-flower-verde-15x60.jpg;bnv;1;1;1;0;1;1;0;;;Flower Verde zo série Exteriors je celoprefarbený massa gres rozmer 15x60 mm do interiérových,  i exteriérových priestorov. Zdrsnený dlažba|gres je použiteľný do obchodu, na fasády, do vstupov budov, pivníc, garáží, šatne, do priestorov so záťažou ;Flower Verde, Exteriors, Celoprefarbený massa gres, dlažba|gres, zdrsnený, mrazuvzdorná, ;"Dlažba Flower Verde zo série Exteriors, je nerektifikovaný, celoprefarbený massa gres rozmeru 15x60 cm od výrobcu Imola - Taliansko. Hrúbka materiálu je 11 mm, s doporučenou šírkou špár od 2,5 mm.
TECHNICKÉ VLASTNOSTI: 
zelená farba, zdrsnený povrch, dobrá protišmykovosť (trieda protišmykovosti R11, trieda protišmykovosti bosá noha A+B+C), mrazuvzdornosť, tvrdosť 8, trieda oteruvzdornosti 5, obrusnosť ≤ 122 mm³, trieda odolnosti voči škvrnám 5, nasiakavosť ≤ 0,15 %, variabilita vzoru V2.
MATERIÁL JE URČENÝ DO: 
bytových, nebytových i vonkajších priestorov. Dlažba je vhodná na fasádu, do obchodných priestorov, do vstupov budov, na terasy, chodníky, vonkajšie schodiská a balkóny, do pivníc, do garáží, do wellness, bazénov a okolia, do šatní, extrémne zaťažovaných a iných vhodných priestorov. 

Bežná cena je 42 €/m2 s DPH.
VAŠA CENA je 23.4 €/m2 s DPH.";15;60;"Dlažba je vhodná na fasádu, do obchodných priestorov, do vstupov budov, na terasy, chodníky, vonkajšie schodiská a balkóny, do pivníc, do garáží, do wellness, bazénov a okolia, do šatní, extrémne zaťažovaných a iných vhodných priestorov. 

Bežná cena je 42 €/m2 s DPH.
VAŠA CENA je 23.4 €/m2 s DPH.";18.564;;exteriors-flower-verde-15x60;exteriors-flower-verde-15x60;;;;;1;;1;;1;1
Celoprefarbený massa gres;;INTERIORS RIGHE BIANCO;Lines Bianco;60x60;The One Interiors;Exteriors;nie;CeDir;Imola;Taliansko;exteriér;dlažba;dlažba|gres;exteriors-lines-bianco-60x60;1;7,8,9,10,12,13,14,15,17,19,21,22;11;3;1.08;32;34.56;787;biela;zdrsnený;dobrá;R11;A+B+C;áno;8;5;122;5;0,15;V2;od 2,5;;I;30.00 €;14.90 €;16.69 €;;INTERIORS RIGHE BIANCO 60x60;;m2;1562.76;180000;;;;,7,8,9,10,12,13,14,15,17,19,21,22,; ; ; ; ; ; ;7;8;9;10; ;12;13;14;15; ;17; ;19; ;21;22;;exteriors-lines-bianco-60x60.jpg;bnv;1;1;1;0;1;1;0;;;Lines Bianco zo série Exteriors je celoprefarbený massa gres rozmer 60x60 mm do interiérových,  i exteriérových priestorov. Zdrsnený dlažba|gres je použiteľný do obchodu, na fasády, do vstupov budov, pivníc, garáží, šatne, do priestorov so záťažou ;Lines Bianco, Exteriors, Celoprefarbený massa gres, dlažba|gres, zdrsnený, mrazuvzdorná, ;"Dlažba Lines Bianco zo série Exteriors, je nerektifikovaný, celoprefarbený massa gres rozmeru 60x60 cm od výrobcu Imola - Taliansko. Hrúbka materiálu je 11 mm, s doporučenou šírkou špár od 2,5 mm.
TECHNICKÉ VLASTNOSTI: 
biela farba, zdrsnený povrch, dobrá protišmykovosť (trieda protišmykovosti R11, trieda protišmykovosti bosá noha A+B+C), mrazuvzdornosť, tvrdosť 8, trieda oteruvzdornosti 5, obrusnosť ≤ 122 mm³, trieda odolnosti voči škvrnám 5, nasiakavosť ≤ 0,15 %, variabilita vzoru V2.
MATERIÁL JE URČENÝ DO: 
bytových, nebytových i vonkajších priestorov. Dlažba je vhodná na fasádu, do obchodných priestorov, do vstupov budov, na terasy, chodníky, vonkajšie schodiská a balkóny, do pivníc, do garáží, do wellness, bazénov a okolia, do šatní, extrémne zaťažovaných a iných vhodných priestorov. 

Bežná cena je 36 €/m2 s DPH.
VAŠA CENA je 17.88 €/m2 s DPH.";60;60;"Dlažba je vhodná na fasádu, do obchodných priestorov, do vstupov budov, na terasy, chodníky, vonkajšie schodiská a balkóny, do pivníc, do garáží, do wellness, bazénov a okolia, do šatní, extrémne zaťažovaných a iných vhodných priestorov. 

Bežná cena je 36 €/m2 s DPH.
VAŠA CENA je 17.88 €/m2 s DPH.";14.1848;;exteriors-lines-bianco-60x60;exteriors-lines-bianco-60x60;;;;;1;;1;;1;1
Celoprefarbený massa gres;;INTERIORS RIGHE BIANCO;Lines Bianco;15x60;The One Interiors;Exteriors;nie;CeDir;Imola;Taliansko;exteriér;dlažba;dlažba|gres;exteriors-lines-bianco-15x60;1;7,8,9,10,12,13,14,15,17,19,21,22;11;12;1.08;32;34.56;787;biela;zdrsnený;dobrá;R11;A+B+C;áno;8;5;122;5;0,15;V2;od 2,5;;I;35.00 €;19.50 €;21.84 €;;INTERIORS RIGHE BIANCO 15x60;;m2;-2;180000;;;;,7,8,9,10,12,13,14,15,17,19,21,22,; ; ; ; ; ; ;7;8;9;10; ;12;13;14;15; ;17; ;19; ;21;22;;exteriors-lines-bianco-15x60.jpg;bnv;1;1;1;0;1;1;0;;;Lines Bianco zo série Exteriors je celoprefarbený massa gres rozmer 15x60 mm do interiérových,  i exteriérových priestorov. Zdrsnený dlažba|gres je použiteľný do obchodu, na fasády, do vstupov budov, pivníc, garáží, šatne, do priestorov so záťažou ;Lines Bianco, Exteriors, Celoprefarbený massa gres, dlažba|gres, zdrsnený, mrazuvzdorná, ;"Dlažba Lines Bianco zo série Exteriors, je nerektifikovaný, celoprefarbený massa gres rozmeru 15x60 cm od výrobcu Imola - Taliansko. Hrúbka materiálu je 11 mm, s doporučenou šírkou špár od 2,5 mm.
TECHNICKÉ VLASTNOSTI: 
biela farba, zdrsnený povrch, dobrá protišmykovosť (trieda protišmykovosti R11, trieda protišmykovosti bosá noha A+B+C), mrazuvzdornosť, tvrdosť 8, trieda oteruvzdornosti 5, obrusnosť ≤ 122 mm³, trieda odolnosti voči škvrnám 5, nasiakavosť ≤ 0,15 %, variabilita vzoru V2.
MATERIÁL JE URČENÝ DO: 
bytových, nebytových i vonkajších priestorov. Dlažba je vhodná na fasádu, do obchodných priestorov, do vstupov budov, na terasy, chodníky, vonkajšie schodiská a balkóny, do pivníc, do garáží, do wellness, bazénov a okolia, do šatní, extrémne zaťažovaných a iných vhodných priestorov. 

Bežná cena je 42 €/m2 s DPH.
VAŠA CENA je 23.4 €/m2 s DPH.";15;60;"Dlažba je vhodná na fasádu, do obchodných priestorov, do vstupov budov, na terasy, chodníky, vonkajšie schodiská a balkóny, do pivníc, do garáží, do wellness, bazénov a okolia, do šatní, extrémne zaťažovaných a iných vhodných priestorov. 

Bežná cena je 42 €/m2 s DPH.
VAŠA CENA je 23.4 €/m2 s DPH.";18.564;;exteriors-lines-bianco-15x60;exteriors-lines-bianco-15x60;;;;;1;;1;;1;1
Celoprefarbený massa gres;;INTERIORS RIGHE GRIGIO;Lines Grigio;60x60;The One Interiors;Exteriors;nie;CeDir;Imola;Taliansko;exteriér;dlažba;dlažba|gres;exteriors-lines-grigio-60x60;1;7,8,9,10,12,13,14,15,17,19,21,22;11;3;1.08;32;34.56;787;šedá;zdrsnený;dobrá;R11;A+B+C;áno;8;5;122;5;0,15;V2;od 2,5;;I;30.00 €;14.90 €;16.69 €;;INTERIORS RIGHE GRIGIO 60x60;;m2;970.92;180000;;;;,7,8,9,10,12,13,14,15,17,19,21,22,; ; ; ; ; ; ;7;8;9;10; ;12;13;14;15; ;17; ;19; ;21;22;;exteriors-lines-grigio-60x60.jpg;bnv;1;1;1;0;1;1;0;;;Lines Grigio zo série Exteriors je celoprefarbený massa gres rozmer 60x60 mm do interiérových,  i exteriérových priestorov. Zdrsnený dlažba|gres je použiteľný do obchodu, na fasády, do vstupov budov, pivníc, garáží, šatne, do priestorov so záťažou ;Lines Grigio, Exteriors, Celoprefarbený massa gres, dlažba|gres, zdrsnený, mrazuvzdorná, ;"Dlažba Lines Grigio zo série Exteriors, je nerektifikovaný, celoprefarbený massa gres rozmeru 60x60 cm od výrobcu Imola - Taliansko. Hrúbka materiálu je 11 mm, s doporučenou šírkou špár od 2,5 mm.
TECHNICKÉ VLASTNOSTI: 
šedá farba, zdrsnený povrch, dobrá protišmykovosť (trieda protišmykovosti R11, trieda protišmykovosti bosá noha A+B+C), mrazuvzdornosť, tvrdosť 8, trieda oteruvzdornosti 5, obrusnosť ≤ 122 mm³, trieda odolnosti voči škvrnám 5, nasiakavosť ≤ 0,15 %, variabilita vzoru V2.
MATERIÁL JE URČENÝ DO: 
bytových, nebytových i vonkajších priestorov. Dlažba je vhodná na fasádu, do obchodných priestorov, do vstupov budov, na terasy, chodníky, vonkajšie schodiská a balkóny, do pivníc, do garáží, do wellness, bazénov a okolia, do šatní, extrémne zaťažovaných a iných vhodných priestorov. 

Bežná cena je 36 €/m2 s DPH.
VAŠA CENA je 17.88 €/m2 s DPH.";60;60;"Dlažba je vhodná na fasádu, do obchodných priestorov, do vstupov budov, na terasy, chodníky, vonkajšie schodiská a balkóny, do pivníc, do garáží, do wellness, bazénov a okolia, do šatní, extrémne zaťažovaných a iných vhodných priestorov. 

Bežná cena je 36 €/m2 s DPH.
VAŠA CENA je 17.88 €/m2 s DPH.";14.1848;;exteriors-lines-grigio-60x60;exteriors-lines-grigio-60x60;;;;;1;;1;;1;1
Celoprefarbený massa gres;;INTERIORS RIGHE GRIGIO;Lines Grigio;15x60;The One Interiors;Exteriors;nie;CeDir;Imola;Taliansko;exteriér;dlažba;dlažba|gres;exteriors-lines-grigio-15x60;1;7,8,9,10,12,13,14,15,17,19,21,22;11;12;1.08;32;34.56;787;šedá;zdrsnený;dobrá;R11;A+B+C;áno;8;5;122;5;0,15;V2;od 2,5;;I;35.00 €;19.50 €;21.84 €;;INTERIORS RIGHE GRIGIO 15x60;;m2;-2;180000;;;;,7,8,9,10,12,13,14,15,17,19,21,22,; ; ; ; ; ; ;7;8;9;10; ;12;13;14;15; ;17; ;19; ;21;22;;exteriors-lines-grigio-15x60.jpg;bnv;1;1;1;0;1;1;0;;;Lines Grigio zo série Exteriors je celoprefarbený massa gres rozmer 15x60 mm do interiérových,  i exteriérových priestorov. Zdrsnený dlažba|gres je použiteľný do obchodu, na fasády, do vstupov budov, pivníc, garáží, šatne, do priestorov so záťažou ;Lines Grigio, Exteriors, Celoprefarbený massa gres, dlažba|gres, zdrsnený, mrazuvzdorná, ;"Dlažba Lines Grigio zo série Exteriors, je nerektifikovaný, celoprefarbený massa gres rozmeru 15x60 cm od výrobcu Imola - Taliansko. Hrúbka materiálu je 11 mm, s doporučenou šírkou špár od 2,5 mm.
TECHNICKÉ VLASTNOSTI: 
šedá farba, zdrsnený povrch, dobrá protišmykovosť (trieda protišmykovosti R11, trieda protišmykovosti bosá noha A+B+C), mrazuvzdornosť, tvrdosť 8, trieda oteruvzdornosti 5, obrusnosť ≤ 122 mm³, trieda odolnosti voči škvrnám 5, nasiakavosť ≤ 0,15 %, variabilita vzoru V2.
MATERIÁL JE URČENÝ DO: 
bytových, nebytových i vonkajších priestorov. Dlažba je vhodná na fasádu, do obchodných priestorov, do vstupov budov, na terasy, chodníky, vonkajšie schodiská a balkóny, do pivníc, do garáží, do wellness, bazénov a okolia, do šatní, extrémne zaťažovaných a iných vhodných priestorov. 

Bežná cena je 42 €/m2 s DPH.
VAŠA CENA je 23.4 €/m2 s DPH.";15;60;"Dlažba je vhodná na fasádu, do obchodných priestorov, do vstupov budov, na terasy, chodníky, vonkajšie schodiská a balkóny, do pivníc, do garáží, do wellness, bazénov a okolia, do šatní, extrémne zaťažovaných a iných vhodných priestorov. 

Bežná cena je 42 €/m2 s DPH.
VAŠA CENA je 23.4 €/m2 s DPH.";18.564;;exteriors-lines-grigio-15x60;exteriors-lines-grigio-15x60;;;;;1;;1;;1;1
Celoprefarbený massa gres;;INTERIORS RIGHE NERO;Lines Nero;60x60;The One Interiors;Exteriors;nie;CeDir;Imola;Taliansko;exteriér;dlažba;dlažba|gres;exteriors-lines-nero-60x60;1;7,8,9,10,12,13,14,15,17,19,21,22;11;3;1.08;32;34.56;787;čierna;zdrsnený;dobrá;R11;A+B+C;áno;8;5;122;5;0,15;V2;od 2,5;;I;30.00 €;14.90 €;16.69 €;;INTERIORS RIGHE NERO 60x60;;m2;392.04;180000;;;;,7,8,9,10,12,13,14,15,17,19,21,22,; ; ; ; ; ; ;7;8;9;10; ;12;13;14;15; ;17; ;19; ;21;22;;exteriors-lines-nero-60x60.jpg;bnv;1;1;1;0;1;1;0;;;Lines Nero zo série Exteriors je celoprefarbený massa gres rozmer 60x60 mm do interiérových,  i exteriérových priestorov. Zdrsnený dlažba|gres je použiteľný do obchodu, na fasády, do vstupov budov, pivníc, garáží, šatne, do priestorov so záťažou ;Lines Nero, Exteriors, Celoprefarbený massa gres, dlažba|gres, zdrsnený, mrazuvzdorná, ;"Dlažba Lines Nero zo série Exteriors, je nerektifikovaný, celoprefarbený massa gres rozmeru 60x60 cm od výrobcu Imola - Taliansko. Hrúbka materiálu je 11 mm, s doporučenou šírkou špár od 2,5 mm.
TECHNICKÉ VLASTNOSTI: 
čierna farba, zdrsnený povrch, dobrá protišmykovosť (trieda protišmykovosti R11, trieda protišmykovosti bosá noha A+B+C), mrazuvzdornosť, tvrdosť 8, trieda oteruvzdornosti 5, obrusnosť ≤ 122 mm³, trieda odolnosti voči škvrnám 5, nasiakavosť ≤ 0,15 %, variabilita vzoru V2.
MATERIÁL JE URČENÝ DO: 
bytových, nebytových i vonkajších priestorov. Dlažba je vhodná na fasádu, do obchodných priestorov, do vstupov budov, na terasy, chodníky, vonkajšie schodiská a balkóny, do pivníc, do garáží, do wellness, bazénov a okolia, do šatní, extrémne zaťažovaných a iných vhodných priestorov. 

Bežná cena je 36 €/m2 s DPH.
VAŠA CENA je 17.88 €/m2 s DPH.";60;60;"Dlažba je vhodná na fasádu, do obchodných priestorov, do vstupov budov, na terasy, chodníky, vonkajšie schodiská a balkóny, do pivníc, do garáží, do wellness, bazénov a okolia, do šatní, extrémne zaťažovaných a iných vhodných priestorov. 

Bežná cena je 36 €/m2 s DPH.
VAŠA CENA je 17.88 €/m2 s DPH.";14.1848;;exteriors-lines-nero-60x60;exteriors-lines-nero-60x60;;;;;1;;1;;1;1
Celoprefarbený massa gres;;INTERIORS RIGHE NERO;Lines Nero;15x60;The One Interiors;Exteriors;nie;CeDir;Imola;Taliansko;exteriér;dlažba;dlažba|gres;exteriors-lines-nero-15x60;1;7,8,9,10,12,13,14,15,17,19,21,22;11;12;1.08;32;34.56;787;čierna;zdrsnený;dobrá;R11;A+B+C;áno;8;5;122;5;0,15;V2;od 2,5;;I;35.00 €;19.50 €;21.84 €;;INTERIORS RIGHE NERO 15x60;;m2;-2;180000;;;;,7,8,9,10,12,13,14,15,17,19,21,22,; ; ; ; ; ; ;7;8;9;10; ;12;13;14;15; ;17; ;19; ;21;22;;exteriors-lines-nero-15x60.jpg;bnv;1;1;1;0;1;1;0;;;Lines Nero zo série Exteriors je celoprefarbený massa gres rozmer 15x60 mm do interiérových,  i exteriérových priestorov. Zdrsnený dlažba|gres je použiteľný do obchodu, na fasády, do vstupov budov, pivníc, garáží, šatne, do priestorov so záťažou ;Lines Nero, Exteriors, Celoprefarbený massa gres, dlažba|gres, zdrsnený, mrazuvzdorná, ;"Dlažba Lines Nero zo série Exteriors, je nerektifikovaný, celoprefarbený massa gres rozmeru 15x60 cm od výrobcu Imola - Taliansko. Hrúbka materiálu je 11 mm, s doporučenou šírkou špár od 2,5 mm.
TECHNICKÉ VLASTNOSTI: 
čierna farba, zdrsnený povrch, dobrá protišmykovosť (trieda protišmykovosti R11, trieda protišmykovosti bosá noha A+B+C), mrazuvzdornosť, tvrdosť 8, trieda oteruvzdornosti 5, obrusnosť ≤ 122 mm³, trieda odolnosti voči škvrnám 5, nasiakavosť ≤ 0,15 %, variabilita vzoru V2.
MATERIÁL JE URČENÝ DO: 
bytových, nebytových i vonkajších priestorov. Dlažba je vhodná na fasádu, do obchodných priestorov, do vstupov budov, na terasy, chodníky, vonkajšie schodiská a balkóny, do pivníc, do garáží, do wellness, bazénov a okolia, do šatní, extrémne zaťažovaných a iných vhodných priestorov. 

Bežná cena je 42 €/m2 s DPH.
VAŠA CENA je 23.4 €/m2 s DPH.";15;60;"Dlažba je vhodná na fasádu, do obchodných priestorov, do vstupov budov, na terasy, chodníky, vonkajšie schodiská a balkóny, do pivníc, do garáží, do wellness, bazénov a okolia, do šatní, extrémne zaťažovaných a iných vhodných priestorov. 

Bežná cena je 42 €/m2 s DPH.
VAŠA CENA je 23.4 €/m2 s DPH.";18.564;;exteriors-lines-nero-15x60;exteriors-lines-nero-15x60;;;;;1;;1;;1;1
Celoprefarbený massa gres;;INTERIORS RIGHE MOKA;Lines Moka;60x60;The One Interiors;Exteriors;nie;CeDir;Imola;Taliansko;exteriér;dlažba;dlažba|gres;exteriors-lines-moka-60x60;1;7,8,9,10,12,13,14,15,17,19,21,22;11;3;1.08;32;34.56;787;hnedá;zdrsnený;dobrá;R11;A+B+C;áno;8;5;122;5;0,15;V2;od 2,5;;I;30.00 €;14.90 €;16.69 €;;INTERIORS RIGHE MOKA 60x60;;m2;845.64;180000;;;;,7,8,9,10,12,13,14,15,17,19,21,22,; ; ; ; ; ; ;7;8;9;10; ;12;13;14;15; ;17; ;19; ;21;22;;exteriors-lines-moka-60x60.jpg;bnv;1;1;1;0;1;1;0;;;Lines Moka zo série Exteriors je celoprefarbený massa gres rozmer 60x60 mm do interiérových,  i exteriérových priestorov. Zdrsnený dlažba|gres je použiteľný do obchodu, na fasády, do vstupov budov, pivníc, garáží, šatne, do priestorov so záťažou ;Lines Moka, Exteriors, Celoprefarbený massa gres, dlažba|gres, zdrsnený, mrazuvzdorná, ;"Dlažba Lines Moka zo série Exteriors, je nerektifikovaný, celoprefarbený massa gres rozmeru 60x60 cm od výrobcu Imola - Taliansko. Hrúbka materiálu je 11 mm, s doporučenou šírkou špár od 2,5 mm.
TECHNICKÉ VLASTNOSTI: 
hnedá farba, zdrsnený povrch, dobrá protišmykovosť (trieda protišmykovosti R11, trieda protišmykovosti bosá noha A+B+C), mrazuvzdornosť, tvrdosť 8, trieda oteruvzdornosti 5, obrusnosť ≤ 122 mm³, trieda odolnosti voči škvrnám 5, nasiakavosť ≤ 0,15 %, variabilita vzoru V2.
MATERIÁL JE URČENÝ DO: 
bytových, nebytových i vonkajších priestorov. Dlažba je vhodná na fasádu, do obchodných priestorov, do vstupov budov, na terasy, chodníky, vonkajšie schodiská a balkóny, do pivníc, do garáží, do wellness, bazénov a okolia, do šatní, extrémne zaťažovaných a iných vhodných priestorov. 

Bežná cena je 36 €/m2 s DPH.
VAŠA CENA je 17.88 €/m2 s DPH.";60;60;"Dlažba je vhodná na fasádu, do obchodných priestorov, do vstupov budov, na terasy, chodníky, vonkajšie schodiská a balkóny, do pivníc, do garáží, do wellness, bazénov a okolia, do šatní, extrémne zaťažovaných a iných vhodných priestorov. 

Bežná cena je 36 €/m2 s DPH.
VAŠA CENA je 17.88 €/m2 s DPH.";14.1848;;exteriors-lines-moka-60x60;exteriors-lines-moka-60x60;;;;;1;;1;;1;1
Celoprefarbený massa gres;;INTERIORS RIGHE MOKA;Lines Moka;15x60;The One Interiors;Exteriors;nie;CeDir;Imola;Taliansko;exteriér;dlažba;dlažba|gres;exteriors-lines-moka-15x60;1;7,8,9,10,12,13,14,15,17,19,21,22;11;12;1.08;32;34.56;787;hnedá;zdrsnený;dobrá;R11;A+B+C;áno;8;5;122;5;0,15;V2;od 2,5;;I;35.00 €;19.50 €;21.84 €;;INTERIORS RIGHE MOKA 15x60;;m2;-2;180000;;;;,7,8,9,10,12,13,14,15,17,19,21,22,; ; ; ; ; ; ;7;8;9;10; ;12;13;14;15; ;17; ;19; ;21;22;;exteriors-lines-moka-15x60.jpg;bnv;1;1;1;0;1;1;0;;;Lines Moka zo série Exteriors je celoprefarbený massa gres rozmer 15x60 mm do interiérových,  i exteriérových priestorov. Zdrsnený dlažba|gres je použiteľný do obchodu, na fasády, do vstupov budov, pivníc, garáží, šatne, do priestorov so záťažou ;Lines Moka, Exteriors, Celoprefarbený massa gres, dlažba|gres, zdrsnený, mrazuvzdorná, ;"Dlažba Lines Moka zo série Exteriors, je nerektifikovaný, celoprefarbený massa gres rozmeru 15x60 cm od výrobcu Imola - Taliansko. Hrúbka materiálu je 11 mm, s doporučenou šírkou špár od 2,5 mm.
TECHNICKÉ VLASTNOSTI: 
hnedá farba, zdrsnený povrch, dobrá protišmykovosť (trieda protišmykovosti R11, trieda protišmykovosti bosá noha A+B+C), mrazuvzdornosť, tvrdosť 8, trieda oteruvzdornosti 5, obrusnosť ≤ 122 mm³, trieda odolnosti voči škvrnám 5, nasiakavosť ≤ 0,15 %, variabilita vzoru V2.
MATERIÁL JE URČENÝ DO: 
bytových, nebytových i vonkajších priestorov. Dlažba je vhodná na fasádu, do obchodných priestorov, do vstupov budov, na terasy, chodníky, vonkajšie schodiská a balkóny, do pivníc, do garáží, do wellness, bazénov a okolia, do šatní, extrémne zaťažovaných a iných vhodných priestorov. 

Bežná cena je 42 €/m2 s DPH.
VAŠA CENA je 23.4 €/m2 s DPH.";15;60;"Dlažba je vhodná na fasádu, do obchodných priestorov, do vstupov budov, na terasy, chodníky, vonkajšie schodiská a balkóny, do pivníc, do garáží, do wellness, bazénov a okolia, do šatní, extrémne zaťažovaných a iných vhodných priestorov. 

Bežná cena je 42 €/m2 s DPH.
VAŠA CENA je 23.4 €/m2 s DPH.";18.564;;exteriors-lines-moka-15x60;exteriors-lines-moka-15x60;;;;;1;;1;;1;1
Celoprefarbený massa gres;;INTERIORS RIGHE ORO;Lines Oro;60x60;The One Interiors;Exteriors;nie;CeDir;Imola;Taliansko;exteriér;dlažba;dlažba|gres;exteriors-lines-oro-60x60;1;7,8,9,10,12,13,14,15,17,19,21,22;11;3;1.08;32;34.56;787;žltá;zdrsnený;dobrá;R11;A+B+C;áno;8;5;122;5;0,15;V2;od 2,5;;I;30.00 €;14.90 €;16.69 €;;INTERIORS RIGHE ORO 60x60;;m2;776.52;180000;;;;,7,8,9,10,12,13,14,15,17,19,21,22,; ; ; ; ; ; ;7;8;9;10; ;12;13;14;15; ;17; ;19; ;21;22;;exteriors-lines-oro-60x60.jpg;bnv;1;1;1;0;1;1;0;;;Lines Oro zo série Exteriors je celoprefarbený massa gres rozmer 60x60 mm do interiérových,  i exteriérových priestorov. Zdrsnený dlažba|gres je použiteľný do obchodu, na fasády, do vstupov budov, pivníc, garáží, šatne, do priestorov so záťažou ;Lines Oro, Exteriors, Celoprefarbený massa gres, dlažba|gres, zdrsnený, mrazuvzdorná, ;"Dlažba Lines Oro zo série Exteriors, je nerektifikovaný, celoprefarbený massa gres rozmeru 60x60 cm od výrobcu Imola - Taliansko. Hrúbka materiálu je 11 mm, s doporučenou šírkou špár od 2,5 mm.
TECHNICKÉ VLASTNOSTI: 
žltá farba, zdrsnený povrch, dobrá protišmykovosť (trieda protišmykovosti R11, trieda protišmykovosti bosá noha A+B+C), mrazuvzdornosť, tvrdosť 8, trieda oteruvzdornosti 5, obrusnosť ≤ 122 mm³, trieda odolnosti voči škvrnám 5, nasiakavosť ≤ 0,15 %, variabilita vzoru V2.
MATERIÁL JE URČENÝ DO: 
bytových, nebytových i vonkajších priestorov. Dlažba je vhodná na fasádu, do obchodných priestorov, do vstupov budov, na terasy, chodníky, vonkajšie schodiská a balkóny, do pivníc, do garáží, do wellness, bazénov a okolia, do šatní, extrémne zaťažovaných a iných vhodných priestorov. 

Bežná cena je 36 €/m2 s DPH.
VAŠA CENA je 17.88 €/m2 s DPH.";60;60;"Dlažba je vhodná na fasádu, do obchodných priestorov, do vstupov budov, na terasy, chodníky, vonkajšie schodiská a balkóny, do pivníc, do garáží, do wellness, bazénov a okolia, do šatní, extrémne zaťažovaných a iných vhodných priestorov. 

Bežná cena je 36 €/m2 s DPH.
VAŠA CENA je 17.88 €/m2 s DPH.";14.1848;;exteriors-lines-oro-60x60;exteriors-lines-oro-60x60;;;;;1;;1;;1;1
Celoprefarbený massa gres;;INTERIORS RIGHE ORO;Lines Oro;15x60;The One Interiors;Exteriors;nie;CeDir;Imola;Taliansko;exteriér;dlažba;dlažba|gres;exteriors-lines-oro-15x60;1;7,8,9,10,12,13,14,15,17,19,21,22;11;12;1.08;32;34.56;787;žltá;zdrsnený;dobrá;R11;A+B+C;áno;8;5;122;5;0,15;V2;od 2,5;;I;35.00 €;19.50 €;21.84 €;;INTERIORS RIGHE ORO 15x60;;m2;-2;180000;;;;,7,8,9,10,12,13,14,15,17,19,21,22,; ; ; ; ; ; ;7;8;9;10; ;12;13;14;15; ;17; ;19; ;21;22;;exteriors-lines-oro-15x60.jpg;bnv;1;1;1;0;1;1;0;;;Lines Oro zo série Exteriors je celoprefarbený massa gres rozmer 15x60 mm do interiérových,  i exteriérových priestorov. Zdrsnený dlažba|gres je použiteľný do obchodu, na fasády, do vstupov budov, pivníc, garáží, šatne, do priestorov so záťažou ;Lines Oro, Exteriors, Celoprefarbený massa gres, dlažba|gres, zdrsnený, mrazuvzdorná, ;"Dlažba Lines Oro zo série Exteriors, je nerektifikovaný, celoprefarbený massa gres rozmeru 15x60 cm od výrobcu Imola - Taliansko. Hrúbka materiálu je 11 mm, s doporučenou šírkou špár od 2,5 mm.
TECHNICKÉ VLASTNOSTI: 
žltá farba, zdrsnený povrch, dobrá protišmykovosť (trieda protišmykovosti R11, trieda protišmykovosti bosá noha A+B+C), mrazuvzdornosť, tvrdosť 8, trieda oteruvzdornosti 5, obrusnosť ≤ 122 mm³, trieda odolnosti voči škvrnám 5, nasiakavosť ≤ 0,15 %, variabilita vzoru V2.
MATERIÁL JE URČENÝ DO: 
bytových, nebytových i vonkajších priestorov. Dlažba je vhodná na fasádu, do obchodných priestorov, do vstupov budov, na terasy, chodníky, vonkajšie schodiská a balkóny, do pivníc, do garáží, do wellness, bazénov a okolia, do šatní, extrémne zaťažovaných a iných vhodných priestorov. 

Bežná cena je 42 €/m2 s DPH.
VAŠA CENA je 23.4 €/m2 s DPH.";15;60;"Dlažba je vhodná na fasádu, do obchodných priestorov, do vstupov budov, na terasy, chodníky, vonkajšie schodiská a balkóny, do pivníc, do garáží, do wellness, bazénov a okolia, do šatní, extrémne zaťažovaných a iných vhodných priestorov. 

Bežná cena je 42 €/m2 s DPH.
VAŠA CENA je 23.4 €/m2 s DPH.";18.564;;exteriors-lines-oro-15x60;exteriors-lines-oro-15x60;;;;;1;;1;;1;1
Celoprefarbený massa gres;;INTERIORS RIGHE VERDE;Lines Verde;60x60;The One Interiors;Exteriors;nie;CeDir;Imola;Taliansko;exteriér;dlažba;dlažba|gres;exteriors-lines-verde-60x60;1;7,8,9,10,12,13,14,15,17,19,21,22;11;3;1.08;32;34.56;787;zelená;zdrsnený;dobrá;R11;A+B+C;áno;8;5;122;5;0,15;V2;od 2,5;;I;30.00 €;14.90 €;16.69 €;;INTERIORS RIGHE VERDE 60x60;;m2;1056.24;180000;;;;,7,8,9,10,12,13,14,15,17,19,21,22,; ; ; ; ; ; ;7;8;9;10; ;12;13;14;15; ;17; ;19; ;21;22;;exteriors-lines-verde-60x60.jpg;bnv;1;1;1;0;1;1;0;;;Lines Verde zo série Exteriors je celoprefarbený massa gres rozmer 60x60 mm do interiérových,  i exteriérových priestorov. Zdrsnený dlažba|gres je použiteľný do obchodu, na fasády, do vstupov budov, pivníc, garáží, šatne, do priestorov so záťažou ;Lines Verde, Exteriors, Celoprefarbený massa gres, dlažba|gres, zdrsnený, mrazuvzdorná, ;"Dlažba Lines Verde zo série Exteriors, je nerektifikovaný, celoprefarbený massa gres rozmeru 60x60 cm od výrobcu Imola - Taliansko. Hrúbka materiálu je 11 mm, s doporučenou šírkou špár od 2,5 mm.
TECHNICKÉ VLASTNOSTI: 
zelená farba, zdrsnený povrch, dobrá protišmykovosť (trieda protišmykovosti R11, trieda protišmykovosti bosá noha A+B+C), mrazuvzdornosť, tvrdosť 8, trieda oteruvzdornosti 5, obrusnosť ≤ 122 mm³, trieda odolnosti voči škvrnám 5, nasiakavosť ≤ 0,15 %, variabilita vzoru V2.
MATERIÁL JE URČENÝ DO: 
bytových, nebytových i vonkajších priestorov. Dlažba je vhodná na fasádu, do obchodných priestorov, do vstupov budov, na terasy, chodníky, vonkajšie schodiská a balkóny, do pivníc, do garáží, do wellness, bazénov a okolia, do šatní, extrémne zaťažovaných a iných vhodných priestorov. 

Bežná cena je 36 €/m2 s DPH.
VAŠA CENA je 17.88 €/m2 s DPH.";60;60;"Dlažba je vhodná na fasádu, do obchodných priestorov, do vstupov budov, na terasy, chodníky, vonkajšie schodiská a balkóny, do pivníc, do garáží, do wellness, bazénov a okolia, do šatní, extrémne zaťažovaných a iných vhodných priestorov. 

Bežná cena je 36 €/m2 s DPH.
VAŠA CENA je 17.88 €/m2 s DPH.";14.1848;;exteriors-lines-verde-60x60;exteriors-lines-verde-60x60;;;;;1;;1;;1;1
Celoprefarbený massa gres;;INTERIORS RIGHE VERDE;Lines Verde;15x60;The One Interiors;Exteriors;nie;CeDir;Imola;Taliansko;exteriér;dlažba;dlažba|gres;exteriors-lines-verde-15x60;1;7,8,9,10,12,13,14,15,17,19,21,22;11;12;1.08;32;34.56;787;zelená;zdrsnený;dobrá;R11;A+B+C;áno;8;5;122;5;0,15;V2;od 2,5;;I;35.00 €;19.50 €;21.84 €;;INTERIORS RIGHE VERDE 15x60;;m2;-2;180000;;;;,7,8,9,10,12,13,14,15,17,19,21,22,; ; ; ; ; ; ;7;8;9;10; ;12;13;14;15; ;17; ;19; ;21;22;;exteriors-lines-verde-15x60.jpg;bnv;1;1;1;0;1;1;0;;;Lines Verde zo série Exteriors je celoprefarbený massa gres rozmer 15x60 mm do interiérových,  i exteriérových priestorov. Zdrsnený dlažba|gres je použiteľný do obchodu, na fasády, do vstupov budov, pivníc, garáží, šatne, do priestorov so záťažou ;Lines Verde, Exteriors, Celoprefarbený massa gres, dlažba|gres, zdrsnený, mrazuvzdorná, ;"Dlažba Lines Verde zo série Exteriors, je nerektifikovaný, celoprefarbený massa gres rozmeru 15x60 cm od výrobcu Imola - Taliansko. Hrúbka materiálu je 11 mm, s doporučenou šírkou špár od 2,5 mm.
TECHNICKÉ VLASTNOSTI: 
zelená farba, zdrsnený povrch, dobrá protišmykovosť (trieda protišmykovosti R11, trieda protišmykovosti bosá noha A+B+C), mrazuvzdornosť, tvrdosť 8, trieda oteruvzdornosti 5, obrusnosť ≤ 122 mm³, trieda odolnosti voči škvrnám 5, nasiakavosť ≤ 0,15 %, variabilita vzoru V2.
MATERIÁL JE URČENÝ DO: 
bytových, nebytových i vonkajších priestorov. Dlažba je vhodná na fasádu, do obchodných priestorov, do vstupov budov, na terasy, chodníky, vonkajšie schodiská a balkóny, do pivníc, do garáží, do wellness, bazénov a okolia, do šatní, extrémne zaťažovaných a iných vhodných priestorov. 

Bežná cena je 42 €/m2 s DPH.
VAŠA CENA je 23.4 €/m2 s DPH.";15;60;"Dlažba je vhodná na fasádu, do obchodných priestorov, do vstupov budov, na terasy, chodníky, vonkajšie schodiská a balkóny, do pivníc, do garáží, do wellness, bazénov a okolia, do šatní, extrémne zaťažovaných a iných vhodných priestorov. 

Bežná cena je 42 €/m2 s DPH.
VAŠA CENA je 23.4 €/m2 s DPH.";18.564;;exteriors-lines-verde-15x60;exteriors-lines-verde-15x60;;;;;1;;1;;1;1
Celoprefarbený massa gres;;INTERIORS N.MOKA;Moka Naturale;60x60;The One Interiors;Exteriors;nie;CeDir;Imola;Taliansko;exteriér;dlažba;dlažba|gres;exteriors-moka-naturale-60x60;1;7,8,9,10,12,13,14,15,17,19,21,22;11;3;1.08;32;34.56;787;hnedá;zdrsnený;dobrá;R11;A+B+C;áno;8;5;122;5;0,15;V2;od 2,5;;I;25.00 €;14.90 €;16.69 €;;INTERIORS N.MOKA 60x60;;m2;3526.2;180000;;;;,7,8,9,10,12,13,14,15,17,19,21,22,; ; ; ; ; ; ;7;8;9;10; ;12;13;14;15; ;17; ;19; ;21;22;;exteriors-moka-naturale-60x60.jpg;bnv;1;1;1;0;1;1;0;;;Moka Naturale zo série Exteriors je celoprefarbený massa gres rozmer 60x60 mm do interiérových,  i exteriérových priestorov. Zdrsnený dlažba|gres je použiteľný do obchodu, na fasády, do vstupov budov, pivníc, garáží, šatne, do priestorov so záťažou ;Moka Naturale, Exteriors, Celoprefarbený massa gres, dlažba|gres, zdrsnený, mrazuvzdorná, ;"Dlažba Moka Naturale zo série Exteriors, je nerektifikovaný, celoprefarbený massa gres rozmeru 60x60 cm od výrobcu Imola - Taliansko. Hrúbka materiálu je 11 mm, s doporučenou šírkou špár od 2,5 mm.
TECHNICKÉ VLASTNOSTI: 
hnedá farba, zdrsnený povrch, dobrá protišmykovosť (trieda protišmykovosti R11, trieda protišmykovosti bosá noha A+B+C), mrazuvzdornosť, tvrdosť 8, trieda oteruvzdornosti 5, obrusnosť ≤ 122 mm³, trieda odolnosti voči škvrnám 5, nasiakavosť ≤ 0,15 %, variabilita vzoru V2.
MATERIÁL JE URČENÝ DO: 
bytových, nebytových i vonkajších priestorov. Dlažba je vhodná na fasádu, do obchodných priestorov, do vstupov budov, na terasy, chodníky, vonkajšie schodiská a balkóny, do pivníc, do garáží, do wellness, bazénov a okolia, do šatní, extrémne zaťažovaných a iných vhodných priestorov. 

Bežná cena je 30 €/m2 s DPH.
VAŠA CENA je 17.88 €/m2 s DPH.";60;60;"Dlažba je vhodná na fasádu, do obchodných priestorov, do vstupov budov, na terasy, chodníky, vonkajšie schodiská a balkóny, do pivníc, do garáží, do wellness, bazénov a okolia, do šatní, extrémne zaťažovaných a iných vhodných priestorov. 

Bežná cena je 30 €/m2 s DPH.
VAŠA CENA je 17.88 €/m2 s DPH.";14.1848;;exteriors-moka-naturale-60x60;exteriors-moka-naturale-60x60;;;;;1;;;1;1;1
Celoprefarbený massa gres;;INTERIORS N.MOKA;Moka Naturale;15x60;The One Interiors;Exteriors;nie;CeDir;Imola;Taliansko;exteriér;dlažba;dlažba|gres;exteriors-moka-naturale-15x60;1;7,8,9,10,12,13,14,15,17,19,21,22;11;12;1.08;32;34.56;787;hnedá;zdrsnený;dobrá;R11;A+B+C;áno;8;5;122;5;0,15;V2;od 2,5;;I;28.00 €;19.50 €;21.84 €;;INTERIORS N.MOKA 15x60;;m2;-2;180000;;;;,7,8,9,10,12,13,14,15,17,19,21,22,; ; ; ; ; ; ;7;8;9;10; ;12;13;14;15; ;17; ;19; ;21;22;;exteriors-moka-naturale-15x60.jpg;bnv;1;1;1;0;1;1;0;;;Moka Naturale zo série Exteriors je celoprefarbený massa gres rozmer 15x60 mm do interiérových,  i exteriérových priestorov. Zdrsnený dlažba|gres je použiteľný do obchodu, na fasády, do vstupov budov, pivníc, garáží, šatne, do priestorov so záťažou ;Moka Naturale, Exteriors, Celoprefarbený massa gres, dlažba|gres, zdrsnený, mrazuvzdorná, ;"Dlažba Moka Naturale zo série Exteriors, je nerektifikovaný, celoprefarbený massa gres rozmeru 15x60 cm od výrobcu Imola - Taliansko. Hrúbka materiálu je 11 mm, s doporučenou šírkou špár od 2,5 mm.
TECHNICKÉ VLASTNOSTI: 
hnedá farba, zdrsnený povrch, dobrá protišmykovosť (trieda protišmykovosti R11, trieda protišmykovosti bosá noha A+B+C), mrazuvzdornosť, tvrdosť 8, trieda oteruvzdornosti 5, obrusnosť ≤ 122 mm³, trieda odolnosti voči škvrnám 5, nasiakavosť ≤ 0,15 %, variabilita vzoru V2.
MATERIÁL JE URČENÝ DO: 
bytových, nebytových i vonkajších priestorov. Dlažba je vhodná na fasádu, do obchodných priestorov, do vstupov budov, na terasy, chodníky, vonkajšie schodiská a balkóny, do pivníc, do garáží, do wellness, bazénov a okolia, do šatní, extrémne zaťažovaných a iných vhodných priestorov. 

Bežná cena je 33.6 €/m2 s DPH.
VAŠA CENA je 23.4 €/m2 s DPH.";15;60;"Dlažba je vhodná na fasádu, do obchodných priestorov, do vstupov budov, na terasy, chodníky, vonkajšie schodiská a balkóny, do pivníc, do garáží, do wellness, bazénov a okolia, do šatní, extrémne zaťažovaných a iných vhodných priestorov. 

Bežná cena je 33.6 €/m2 s DPH.
VAŠA CENA je 23.4 €/m2 s DPH.";18.564;;exteriors-moka-naturale-15x60;exteriors-moka-naturale-15x60;;;;;1;;;1;1;1
Celoprefarbený massa gres;;INTERIORS N.VERDE;Verde Naturale;60x60;The One Interiors;Exteriors;nie;CeDir;Imola;Taliansko;exteriér;dlažba;dlažba|gres;exteriors-verde-naturale-60x60;1;7,8,9,10,12,13,14,15,17,19,21,22;11;3;1.08;32;34.56;787;zelená;zdrsnený;dobrá;R11;A+B+C;áno;8;5;122;5;0,15;V2;od 2,5;;I;25.00 €;14.90 €;16.69 €;;INTERIORS N.VERDE 60x60;;m2;1807.92;180000;;;;,7,8,9,10,12,13,14,15,17,19,21,22,; ; ; ; ; ; ;7;8;9;10; ;12;13;14;15; ;17; ;19; ;21;22;;exteriors-verde-naturale-60x60.jpg;bnv;1;1;1;0;1;1;0;;;Verde Naturale zo série Exteriors je celoprefarbený massa gres rozmer 60x60 mm do interiérových,  i exteriérových priestorov. Zdrsnený dlažba|gres je použiteľný do obchodu, na fasády, do vstupov budov, pivníc, garáží, šatne, do priestorov so záťažou ;Verde Naturale, Exteriors, Celoprefarbený massa gres, dlažba|gres, zdrsnený, mrazuvzdorná, ;"Dlažba Verde Naturale zo série Exteriors, je nerektifikovaný, celoprefarbený massa gres rozmeru 60x60 cm od výrobcu Imola - Taliansko. Hrúbka materiálu je 11 mm, s doporučenou šírkou špár od 2,5 mm.
TECHNICKÉ VLASTNOSTI: 
zelená farba, zdrsnený povrch, dobrá protišmykovosť (trieda protišmykovosti R11, trieda protišmykovosti bosá noha A+B+C), mrazuvzdornosť, tvrdosť 8, trieda oteruvzdornosti 5, obrusnosť ≤ 122 mm³, trieda odolnosti voči škvrnám 5, nasiakavosť ≤ 0,15 %, variabilita vzoru V2.
MATERIÁL JE URČENÝ DO: 
bytových, nebytových i vonkajších priestorov. Dlažba je vhodná na fasádu, do obchodných priestorov, do vstupov budov, na terasy, chodníky, vonkajšie schodiská a balkóny, do pivníc, do garáží, do wellness, bazénov a okolia, do šatní, extrémne zaťažovaných a iných vhodných priestorov. 

Bežná cena je 30 €/m2 s DPH.
VAŠA CENA je 17.88 €/m2 s DPH.";60;60;"Dlažba je vhodná na fasádu, do obchodných priestorov, do vstupov budov, na terasy, chodníky, vonkajšie schodiská a balkóny, do pivníc, do garáží, do wellness, bazénov a okolia, do šatní, extrémne zaťažovaných a iných vhodných priestorov. 

Bežná cena je 30 €/m2 s DPH.
VAŠA CENA je 17.88 €/m2 s DPH.";14.1848;;exteriors-verde-naturale-60x60;exteriors-verde-naturale-60x60;;;;;1;;;1;1;1
Celoprefarbený massa gres;;INTERIORS N.VERDE;Verde Naturale;15x60;The One Interiors;Exteriors;nie;CeDir;Imola;Taliansko;exteriér;dlažba;dlažba|gres;exteriors-verde-naturale-15x60;1;7,8,9,10,12,13,14,15,17,19,21,22;11;12;1.08;32;34.56;787;zelená;zdrsnený;dobrá;R11;A+B+C;áno;8;5;122;5;0,15;V2;od 2,5;;I;28.00 €;19.50 €;21.84 €;;INTERIORS N.VERDE 15x60;;m2;-2;180000;;;;,7,8,9,10,12,13,14,15,17,19,21,22,; ; ; ; ; ; ;7;8;9;10; ;12;13;14;15; ;17; ;19; ;21;22;;exteriors-verde-naturale-15x60.jpg;bnv;1;1;1;0;1;1;0;;;Verde Naturale zo série Exteriors je celoprefarbený massa gres rozmer 15x60 mm do interiérových,  i exteriérových priestorov. Zdrsnený dlažba|gres je použiteľný do obchodu, na fasády, do vstupov budov, pivníc, garáží, šatne, do priestorov so záťažou ;Verde Naturale, Exteriors, Celoprefarbený massa gres, dlažba|gres, zdrsnený, mrazuvzdorná, ;"Dlažba Verde Naturale zo série Exteriors, je nerektifikovaný, celoprefarbený massa gres rozmeru 15x60 cm od výrobcu Imola - Taliansko. Hrúbka materiálu je 11 mm, s doporučenou šírkou špár od 2,5 mm.
TECHNICKÉ VLASTNOSTI: 
zelená farba, zdrsnený povrch, dobrá protišmykovosť (trieda protišmykovosti R11, trieda protišmykovosti bosá noha A+B+C), mrazuvzdornosť, tvrdosť 8, trieda oteruvzdornosti 5, obrusnosť ≤ 122 mm³, trieda odolnosti voči škvrnám 5, nasiakavosť ≤ 0,15 %, variabilita vzoru V2.
MATERIÁL JE URČENÝ DO: 
bytových, nebytových i vonkajších priestorov. Dlažba je vhodná na fasádu, do obchodných priestorov, do vstupov budov, na terasy, chodníky, vonkajšie schodiská a balkóny, do pivníc, do garáží, do wellness, bazénov a okolia, do šatní, extrémne zaťažovaných a iných vhodných priestorov. 

Bežná cena je 33.6 €/m2 s DPH.
VAŠA CENA je 23.4 €/m2 s DPH.";15;60;"Dlažba je vhodná na fasádu, do obchodných priestorov, do vstupov budov, na terasy, chodníky, vonkajšie schodiská a balkóny, do pivníc, do garáží, do wellness, bazénov a okolia, do šatní, extrémne zaťažovaných a iných vhodných priestorov. 

Bežná cena je 33.6 €/m2 s DPH.
VAŠA CENA je 23.4 €/m2 s DPH.";18.564;;exteriors-verde-naturale-15x60;exteriors-verde-naturale-15x60;;;;;1;;;1;1;1
Celoprefarbený massa gres;;MOSAICO MULTICOLOR FIORI;Mosaic Multicolor Flower;30x60;The One Interiors;Exteriors;nie;CeDir;Imola;Taliansko;exteriér;gresová mozaika;dlažba|gres;exteriors-mosaic-multicolor-flower-30x60;1;7,8,10,12,13,14,15,17,19,;11;;;;;;mix;zdrsnený;dobrá;R11;A+B+C;áno;8;5;122;5;0,15;V2;od 2,5;;I;50.00 €;29.90 €;33.49 €;;MOSAICO MULTICOLOR FIORI 30x60;;m2;-2;180000;;;;,7,8,10,12,13,14,15,17,19,,; ; ; ; ; ; ;7;8; ;10; ;12;13;14;15; ;17; ;19; ; ; ;;exteriors-mosaic-multicolor-flower-30x60.jpg;bnv;1;1;1;0;1;1;1;;;Mosaic Multicolor Flower zo série Exteriors je celoprefarbený massa gres rozmer 30x60 mm do interiérových,  i exteriérových priestorov. Zdrsnený dlažba|gres je použiteľný do obchodu, do vstupov budov, pivníc, garáží, šatne, ...;Mosaic Multicolor Flower, Exteriors, Celoprefarbený massa gres, dlažba|gres, zdrsnený, mrazuvzdorná, ;"Gresová Mozaika Mosaic Multicolor Flower zo série Exteriors, je nerektifikovaný, celoprefarbený massa gres rozmeru 30x60 cm od výrobcu Imola - Taliansko. Hrúbka materiálu je 11 mm, s doporučenou šírkou špár od 2,5 mm.
TECHNICKÉ VLASTNOSTI: 
mix farba, zdrsnený povrch, dobrá protišmykovosť (trieda protišmykovosti R11, trieda protišmykovosti bosá noha A+B+C), mrazuvzdornosť, tvrdosť 8, trieda oteruvzdornosti 5, obrusnosť ≤ 122 mm³, trieda odolnosti voči škvrnám 5, nasiakavosť ≤ 0,15 %, variabilita vzoru V2.
MATERIÁL JE URČENÝ DO: 
bytových, nebytových i vonkajších priestorov. Gresová Mozaika je vhodná do obchodných priestorov, do vstupov budov, na terasy, chodníky, vonkajšie schodiská a balkóny, do pivníc, do garáží, do wellness, bazénov a okolia, do šatní, a iných vhodných priestorov. 

Bežná cena je 60 €/m2 s DPH.
VAŠA CENA je 35.88 €/m2 s DPH.";30;60;"Gresová Mozaika je vhodná do obchodných priestorov, do vstupov budov, na terasy, chodníky, vonkajšie schodiská a balkóny, do pivníc, do garáží, do wellness, bazénov a okolia, do šatní, a iných vhodných priestorov. 

Bežná cena je 60 €/m2 s DPH.
VAŠA CENA je 35.88 €/m2 s DPH.";28.4648;;exteriors-mosaic-multicolor-flower-30x60;exteriors-mosaic-multicolor-flower-30x60;;;;;1;1;;;1;1
Celoprefarbený massa gres;;MOSAICO MULTICOLOR LINES;Mosaic Multicolor Lines;30x60;The One Interiors;Exteriors;nie;CeDir;Imola;Taliansko;exteriér;gresová mozaika;dlažba|gres;exteriors-mosaic-multicolor-lines-30x60;1;7,8,10,12,13,14,15,17,19,;11;;;;;;mix;zdrsnený;dobrá;R11;A+B+C;áno;8;5;122;5;0,15;V2;od 2,5;;I;50.00 €;29.90 €;33.49 €;;MOSAICO MULTICOLOR LINES 30x60;;m2;-2;180000;;;;,7,8,10,12,13,14,15,17,19,,; ; ; ; ; ; ;7;8; ;10; ;12;13;14;15; ;17; ;19; ; ; ;;exteriors-mosaic-multicolor-lines-30x60.jpg;bnv;1;1;1;0;1;1;1;;;Mosaic Multicolor Lines zo série Exteriors je celoprefarbený massa gres rozmer 30x60 mm do interiérových,  i exteriérových priestorov. Zdrsnený dlažba|gres je použiteľný do obchodu, do vstupov budov, pivníc, garáží, šatne, ...;Mosaic Multicolor Lines, Exteriors, Celoprefarbený massa gres, dlažba|gres, zdrsnený, mrazuvzdorná, ;"Gresová Mozaika Mosaic Multicolor Lines zo série Exteriors, je nerektifikovaný, celoprefarbený massa gres rozmeru 30x60 cm od výrobcu Imola - Taliansko. Hrúbka materiálu je 11 mm, s doporučenou šírkou špár od 2,5 mm.
TECHNICKÉ VLASTNOSTI: 
mix farba, zdrsnený povrch, dobrá protišmykovosť (trieda protišmykovosti R11, trieda protišmykovosti bosá noha A+B+C), mrazuvzdornosť, tvrdosť 8, trieda oteruvzdornosti 5, obrusnosť ≤ 122 mm³, trieda odolnosti voči škvrnám 5, nasiakavosť ≤ 0,15 %, variabilita vzoru V2.
MATERIÁL JE URČENÝ DO: 
bytových, nebytových i vonkajších priestorov. Gresová Mozaika je vhodná do obchodných priestorov, do vstupov budov, na terasy, chodníky, vonkajšie schodiská a balkóny, do pivníc, do garáží, do wellness, bazénov a okolia, do šatní, a iných vhodných priestorov. 

Bežná cena je 60 €/m2 s DPH.
VAŠA CENA je 35.88 €/m2 s DPH.";30;60;"Gresová Mozaika je vhodná do obchodných priestorov, do vstupov budov, na terasy, chodníky, vonkajšie schodiská a balkóny, do pivníc, do garáží, do wellness, bazénov a okolia, do šatní, a iných vhodných priestorov. 

Bežná cena je 60 €/m2 s DPH.
VAŠA CENA je 35.88 €/m2 s DPH.";28.4648;;exteriors-mosaic-multicolor-lines-30x60;exteriors-mosaic-multicolor-lines-30x60;;;;;1;1;;;1;1
Celoprefarbený massa gres;;LISTELO MOKA;Mosaic Listelo Moka;3,5x60;The One Interiors;Exteriors;nie;CeDir;Imola;Taliansko;exteriér;listelo;dlažba|gres;exteriors-mosaic-listelo-moka-3-5x60;1;;11;;;;;;hnedá;zdrsnený;dobrá;R11;A+B+C;áno;8;5;122;5;0,15;V2;od 2,5;;I;120.00 €;59.90 €;67.09 €;;LISTELO MOKA 3,5x60;;m2;-2;180000;;;;,,; ; ; ; ; ; ; ; ; ; ; ; ; ; ; ; ; ; ; ; ; ; ;;exteriors-mosaic-listelo-moka-3-5x60.jpg;bnv;1;1;1;0;0;0;0;;;Mosaic Listelo Moka zo série Exteriors je celoprefarbený massa gres rozmer 3,5x60 mm do interiérových,  i exteriérových priestorov. Zdrsnený dlažba|gres je použiteľný do ...;Mosaic Listelo Moka, Exteriors, Celoprefarbený massa gres, dlažba|gres, zdrsnený, mrazuvzdorná, ;"Listelo Mosaic Listelo Moka zo série Exteriors, je nerektifikovaný, celoprefarbený massa gres rozmeru 3,5x60 cm od výrobcu Imola - Taliansko. Hrúbka materiálu je 11 mm, s doporučenou šírkou špár od 2,5 mm.
TECHNICKÉ VLASTNOSTI: 
hnedá farba, zdrsnený povrch, dobrá protišmykovosť (trieda protišmykovosti R11, trieda protišmykovosti bosá noha A+B+C), mrazuvzdornosť, tvrdosť 8, trieda oteruvzdornosti 5, obrusnosť ≤ 122 mm³, trieda odolnosti voči škvrnám 5, nasiakavosť ≤ 0,15 %, variabilita vzoru V2.
MATERIÁL JE URČENÝ DO: 
bytových, nebytových i vonkajších priestorov. 

Bežná cena je 144 €/m2 s DPH.
VAŠA CENA je 71.88 €/m2 s DPH.";3,5;60;"

Bežná cena je 144 €/m2 s DPH.
VAŠA CENA je 71.88 €/m2 s DPH.";57.0248;;exteriors-mosaic-listelo-moka-3-5x60;exteriors-mosaic-listelo-moka-3-5x60;;;;;1;;1;;1;1
Celoprefarbený massa gres;;LISTELO VERDE;Mosaic Listelo Verde;3,5x60;The One Interiors;Exteriors;nie;CeDir;Imola;Taliansko;exteriér;listelo;dlažba|gres;exteriors-mosaic-listelo-verde-3-5x60;1;;11;;;;;;zelená;zdrsnený;dobrá;R11;A+B+C;áno;8;5;122;5;0,15;V2;od 2,5;;I;120.00 €;59.90 €;67.09 €;;LISTELO VERDE 3,5x60;;m2;-2;180000;;;;,,; ; ; ; ; ; ; ; ; ; ; ; ; ; ; ; ; ; ; ; ; ; ;;exteriors-mosaic-listelo-verde-3-5x60.jpg;bnv;1;1;1;0;0;0;0;;;Mosaic Listelo Verde zo série Exteriors je celoprefarbený massa gres rozmer 3,5x60 mm do interiérových,  i exteriérových priestorov. Zdrsnený dlažba|gres je použiteľný do ...;Mosaic Listelo Verde, Exteriors, Celoprefarbený massa gres, dlažba|gres, zdrsnený, mrazuvzdorná, ;"Listelo Mosaic Listelo Verde zo série Exteriors, je nerektifikovaný, celoprefarbený massa gres rozmeru 3,5x60 cm od výrobcu Imola - Taliansko. Hrúbka materiálu je 11 mm, s doporučenou šírkou špár od 2,5 mm.
TECHNICKÉ VLASTNOSTI: 
zelená farba, zdrsnený povrch, dobrá protišmykovosť (trieda protišmykovosti R11, trieda protišmykovosti bosá noha A+B+C), mrazuvzdornosť, tvrdosť 8, trieda oteruvzdornosti 5, obrusnosť ≤ 122 mm³, trieda odolnosti voči škvrnám 5, nasiakavosť ≤ 0,15 %, variabilita vzoru V2.
MATERIÁL JE URČENÝ DO: 
bytových, nebytových i vonkajších priestorov. 

Bežná cena je 144 €/m2 s DPH.
VAŠA CENA je 71.88 €/m2 s DPH.";3,5;60;"

Bežná cena je 144 €/m2 s DPH.
VAŠA CENA je 71.88 €/m2 s DPH.";57.0248;;exteriors-mosaic-listelo-verde-3-5x60;exteriors-mosaic-listelo-verde-3-5x60;;;;;1;;1;;1;1
Celoprefarbený massa gres;;LISTELO ORO;Mosaic Listelo Oro;3,5x60;The One Interiors;Exteriors;nie;CeDir;Imola;Taliansko;exteriér;listelo;dlažba|gres;exteriors-mosaic-listelo-oro-3-5x60;1;;11;;;;;;žltá;zdrsnený;dobrá;R11;A+B+C;áno;8;5;122;5;0,15;V2;od 2,5;;I;120.00 €;59.90 €;67.09 €;;LISTELO ORO 3,5x60;;m2;-2;180000;;;;,,; ; ; ; ; ; ; ; ; ; ; ; ; ; ; ; ; ; ; ; ; ; ;;exteriors-mosaic-listelo-oro-3-5x60.jpg;bnv;1;1;1;0;0;0;0;;;Mosaic Listelo Oro zo série Exteriors je celoprefarbený massa gres rozmer 3,5x60 mm do interiérových,  i exteriérových priestorov. Zdrsnený dlažba|gres je použiteľný do ...;Mosaic Listelo Oro, Exteriors, Celoprefarbený massa gres, dlažba|gres, zdrsnený, mrazuvzdorná, ;"Listelo Mosaic Listelo Oro zo série Exteriors, je nerektifikovaný, celoprefarbený massa gres rozmeru 3,5x60 cm od výrobcu Imola - Taliansko. Hrúbka materiálu je 11 mm, s doporučenou šírkou špár od 2,5 mm.
TECHNICKÉ VLASTNOSTI: 
žltá farba, zdrsnený povrch, dobrá protišmykovosť (trieda protišmykovosti R11, trieda protišmykovosti bosá noha A+B+C), mrazuvzdornosť, tvrdosť 8, trieda oteruvzdornosti 5, obrusnosť ≤ 122 mm³, trieda odolnosti voči škvrnám 5, nasiakavosť ≤ 0,15 %, variabilita vzoru V2.
MATERIÁL JE URČENÝ DO: 
bytových, nebytových i vonkajších priestorov. 

Bežná cena je 144 €/m2 s DPH.
VAŠA CENA je 71.88 €/m2 s DPH.";3,5;60;"

Bežná cena je 144 €/m2 s DPH.
VAŠA CENA je 71.88 €/m2 s DPH.";57.0248;;exteriors-mosaic-listelo-oro-3-5x60;exteriors-mosaic-listelo-oro-3-5x60;;;;;1;;1;;1;1
Celoprefarbený massa gres;;LISTELO BIANCO;Mosaic Listelo Bianco;3,5x60;The One Interiors;Exteriors;nie;CeDir;Imola;Taliansko;exteriér;listelo;dlažba|gres;exteriors-mosaic-listelo-bianco-3-5x60;1;;11;;;;;;biela;zdrsnený;dobrá;R11;A+B+C;áno;8;5;122;5;0,15;V2;od 2,5;;I;120.00 €;59.90 €;67.09 €;;LISTELO BIANCO 3,5x60;;m2;-2;180000;;;;,,; ; ; ; ; ; ; ; ; ; ; ; ; ; ; ; ; ; ; ; ; ; ;;exteriors-mosaic-listelo-bianco-3-5x60.jpg;bnv;1;1;1;0;0;0;0;;;Mosaic Listelo Bianco zo série Exteriors je celoprefarbený massa gres rozmer 3,5x60 mm do interiérových,  i exteriérových priestorov. Zdrsnený dlažba|gres je použiteľný do ...;Mosaic Listelo Bianco, Exteriors, Celoprefarbený massa gres, dlažba|gres, zdrsnený, mrazuvzdorná, ;"Listelo Mosaic Listelo Bianco zo série Exteriors, je nerektifikovaný, celoprefarbený massa gres rozmeru 3,5x60 cm od výrobcu Imola - Taliansko. Hrúbka materiálu je 11 mm, s doporučenou šírkou špár od 2,5 mm.
TECHNICKÉ VLASTNOSTI: 
biela farba, zdrsnený povrch, dobrá protišmykovosť (trieda protišmykovosti R11, trieda protišmykovosti bosá noha A+B+C), mrazuvzdornosť, tvrdosť 8, trieda oteruvzdornosti 5, obrusnosť ≤ 122 mm³, trieda odolnosti voči škvrnám 5, nasiakavosť ≤ 0,15 %, variabilita vzoru V2.
MATERIÁL JE URČENÝ DO: 
bytových, nebytových i vonkajších priestorov. 

Bežná cena je 144 €/m2 s DPH.
VAŠA CENA je 71.88 €/m2 s DPH.";3,5;60;"

Bežná cena je 144 €/m2 s DPH.
VAŠA CENA je 71.88 €/m2 s DPH.";57.0248;;exteriors-mosaic-listelo-bianco-3-5x60;exteriors-mosaic-listelo-bianco-3-5x60;;;;;1;;1;;1;1
Celoprefarbený massa gres;;LISTELO NERO;Mosaic Listelo Nero;3,5x60;The One Interiors;Exteriors;nie;CeDir;Imola;Taliansko;exteriér;listelo;dlažba|gres;exteriors-mosaic-listelo-nero-3-5x60;1;;11;;;;;;čierna;zdrsnený;dobrá;R11;A+B+C;áno;8;5;122;5;0,15;V2;od 2,5;;I;120.00 €;59.90 €;67.09 €;;LISTELO NERO 3,5x60;;m2;-2;180000;;;;,,; ; ; ; ; ; ; ; ; ; ; ; ; ; ; ; ; ; ; ; ; ; ;;exteriors-mosaic-listelo-nero-3-5x60.jpg;bnv;1;1;1;0;0;0;0;;;Mosaic Listelo Nero zo série Exteriors je celoprefarbený massa gres rozmer 3,5x60 mm do interiérových,  i exteriérových priestorov. Zdrsnený dlažba|gres je použiteľný do ...;Mosaic Listelo Nero, Exteriors, Celoprefarbený massa gres, dlažba|gres, zdrsnený, mrazuvzdorná, ;"Listelo Mosaic Listelo Nero zo série Exteriors, je nerektifikovaný, celoprefarbený massa gres rozmeru 3,5x60 cm od výrobcu Imola - Taliansko. Hrúbka materiálu je 11 mm, s doporučenou šírkou špár od 2,5 mm.
TECHNICKÉ VLASTNOSTI: 
čierna farba, zdrsnený povrch, dobrá protišmykovosť (trieda protišmykovosti R11, trieda protišmykovosti bosá noha A+B+C), mrazuvzdornosť, tvrdosť 8, trieda oteruvzdornosti 5, obrusnosť ≤ 122 mm³, trieda odolnosti voči škvrnám 5, nasiakavosť ≤ 0,15 %, variabilita vzoru V2.
MATERIÁL JE URČENÝ DO: 
bytových, nebytových i vonkajších priestorov. 

Bežná cena je 144 €/m2 s DPH.
VAŠA CENA je 71.88 €/m2 s DPH.";3,5;60;"

Bežná cena je 144 €/m2 s DPH.
VAŠA CENA je 71.88 €/m2 s DPH.";57.0248;;exteriors-mosaic-listelo-nero-3-5x60;exteriors-mosaic-listelo-nero-3-5x60;;;;;1;;1;;1;1
Celoprefarbený massa gres;;LISTELO GRIGIO;Mosaic Listelo Grigio;3,5x60;The One Interiors;Exteriors;nie;CeDir;Imola;Taliansko;exteriér;listelo;dlažba|gres;exteriors-mosaic-listelo-grigio-3-5x60;1;;11;;;;;;šedá;zdrsnený;dobrá;R11;A+B+C;áno;8;5;122;5;0,15;V2;od 2,5;;I;120.00 €;59.90 €;67.09 €;;LISTELO GRIGIO 3,5x60;;m2;-2;180000;;;;,,; ; ; ; ; ; ; ; ; ; ; ; ; ; ; ; ; ; ; ; ; ; ;;exteriors-mosaic-listelo-grigio-3-5x60.jpg;bnv;1;1;1;0;0;0;0;;;Mosaic Listelo Grigio zo série Exteriors je celoprefarbený massa gres rozmer 3,5x60 mm do interiérových,  i exteriérových priestorov. Zdrsnený dlažba|gres je použiteľný do ...;Mosaic Listelo Grigio, Exteriors, Celoprefarbený massa gres, dlažba|gres, zdrsnený, mrazuvzdorná, ;"Listelo Mosaic Listelo Grigio zo série Exteriors, je nerektifikovaný, celoprefarbený massa gres rozmeru 3,5x60 cm od výrobcu Imola - Taliansko. Hrúbka materiálu je 11 mm, s doporučenou šírkou špár od 2,5 mm.
TECHNICKÉ VLASTNOSTI: 
šedá farba, zdrsnený povrch, dobrá protišmykovosť (trieda protišmykovosti R11, trieda protišmykovosti bosá noha A+B+C), mrazuvzdornosť, tvrdosť 8, trieda oteruvzdornosti 5, obrusnosť ≤ 122 mm³, trieda odolnosti voči škvrnám 5, nasiakavosť ≤ 0,15 %, variabilita vzoru V2.
MATERIÁL JE URČENÝ DO: 
bytových, nebytových i vonkajších priestorov. 

Bežná cena je 144 €/m2 s DPH.
VAŠA CENA je 71.88 €/m2 s DPH.";3,5;60;"

Bežná cena je 144 €/m2 s DPH.
VAŠA CENA je 71.88 €/m2 s DPH.";57.0248;;exteriors-mosaic-listelo-grigio-3-5x60;exteriors-mosaic-listelo-grigio-3-5x60;;;;;1;;1;;1;1
Celoprefarbený massa gres;;BATISCOPA MOKA;Batiscopa Moka;7x60;The One Interiors;Exteriors;nie;CeDir;Imola;Taliansko;exteriér;sokel;dlažba|gres;exteriors-batiscopa-moka-7x60;1;7,8,10,12,13,14,15,17,19,21,22;11;12;;;;;hnedá;zdrsnený;dobrá;R11;A+B+C;áno;8;5;122;5;0,15;V2;od 2,5;;I;6.00 €;3.10 €;3.47 €;;BATISCOPA MOKA 7x60;;ks;-2;180000;;;;,7,8,10,12,13,14,15,17,19,21,22,; ; ; ; ; ; ;7;8; ;10; ;12;13;14;15; ;17; ;19; ;21;22;;exteriors-sokel-7x60.jpg;bnv;1;1;1;0;1;1;0;;;Batiscopa Moka zo série Exteriors je celoprefarbený massa gres rozmer 7x60 mm do interiérových,  i exteriérových priestorov. Zdrsnený dlažba|gres je použiteľný do obchodu, do vstupov budov, pivníc, garáží, šatne, do priestorov so záťažou ;Batiscopa Moka, Exteriors, Celoprefarbený massa gres, dlažba|gres, zdrsnený, mrazuvzdorná, ;"Sokel Batiscopa Moka zo série Exteriors, je nerektifikovaný, celoprefarbený massa gres rozmeru 7x60 cm od výrobcu Imola - Taliansko. Hrúbka materiálu je 11 mm, s doporučenou šírkou špár od 2,5 mm.
TECHNICKÉ VLASTNOSTI: 
hnedá farba, zdrsnený povrch, dobrá protišmykovosť (trieda protišmykovosti R11, trieda protišmykovosti bosá noha A+B+C), mrazuvzdornosť, tvrdosť 8, trieda oteruvzdornosti 5, obrusnosť ≤ 122 mm³, trieda odolnosti voči škvrnám 5, nasiakavosť ≤ 0,15 %, variabilita vzoru V2.
MATERIÁL JE URČENÝ DO: 
bytových, nebytových i vonkajších priestorov. Sokel je vhodný do obchodných priestorov, do vstupov budov, na terasy, chodníky, vonkajšie schodiská a balkóny, do pivníc, do garáží, do wellness, bazénov a okolia, do šatní, extrémne zaťažovaných a iných vhodných priestorov. 

Bežná cena je 7.2 €/ks s DPH.
VAŠA CENA je 3.72 €/ks s DPH.";7;60;"Sokel je vhodný do obchodných priestorov, do vstupov budov, na terasy, chodníky, vonkajšie schodiská a balkóny, do pivníc, do garáží, do wellness, bazénov a okolia, do šatní, extrémne zaťažovaných a iných vhodných priestorov. 

Bežná cena je 7.2 €/ks s DPH.
VAŠA CENA je 3.72 €/ks s DPH.";2.9512;;exteriors-batiscopa-moka-7x60;exteriors-batiscopa-moka-7x60;;;;;1;;;;1;1
Celoprefarbený massa gres;;BATISCOPA VERDE;Batiscopa Verde;7x60;The One Interiors;Exteriors;nie;CeDir;Imola;Taliansko;exteriér;sokel;dlažba|gres;exteriors-batiscopa-verde-7x60;1;7,8,10,12,13,14,15,17,19,21,22;11;12;;;;;zelená;zdrsnený;dobrá;R11;A+B+C;áno;8;5;122;5;0,15;V2;od 2,5;;I;6.00 €;3.10 €;3.47 €;;BATISCOPA VERDE 7x60;;ks;-2;180000;;;;,7,8,10,12,13,14,15,17,19,21,22,; ; ; ; ; ; ;7;8; ;10; ;12;13;14;15; ;17; ;19; ;21;22;;exteriors-sokel-7x60.jpg;bnv;1;1;1;0;1;1;0;;;Batiscopa Verde zo série Exteriors je celoprefarbený massa gres rozmer 7x60 mm do interiérových,  i exteriérových priestorov. Zdrsnený dlažba|gres je použiteľný do obchodu, do vstupov budov, pivníc, garáží, šatne, do priestorov so záťažou ;Batiscopa Verde, Exteriors, Celoprefarbený massa gres, dlažba|gres, zdrsnený, mrazuvzdorná, ;"Sokel Batiscopa Verde zo série Exteriors, je nerektifikovaný, celoprefarbený massa gres rozmeru 7x60 cm od výrobcu Imola - Taliansko. Hrúbka materiálu je 11 mm, s doporučenou šírkou špár od 2,5 mm.
TECHNICKÉ VLASTNOSTI: 
zelená farba, zdrsnený povrch, dobrá protišmykovosť (trieda protišmykovosti R11, trieda protišmykovosti bosá noha A+B+C), mrazuvzdornosť, tvrdosť 8, trieda oteruvzdornosti 5, obrusnosť ≤ 122 mm³, trieda odolnosti voči škvrnám 5, nasiakavosť ≤ 0,15 %, variabilita vzoru V2.
MATERIÁL JE URČENÝ DO: 
bytových, nebytových i vonkajších priestorov. Sokel je vhodný do obchodných priestorov, do vstupov budov, na terasy, chodníky, vonkajšie schodiská a balkóny, do pivníc, do garáží, do wellness, bazénov a okolia, do šatní, extrémne zaťažovaných a iných vhodných priestorov. 

Bežná cena je 7.2 €/ks s DPH.
VAŠA CENA je 3.72 €/ks s DPH.";7;60;"Sokel je vhodný do obchodných priestorov, do vstupov budov, na terasy, chodníky, vonkajšie schodiská a balkóny, do pivníc, do garáží, do wellness, bazénov a okolia, do šatní, extrémne zaťažovaných a iných vhodných priestorov. 

Bežná cena je 7.2 €/ks s DPH.
VAŠA CENA je 3.72 €/ks s DPH.";2.9512;;exteriors-batiscopa-verde-7x60;exteriors-batiscopa-verde-7x60;;;;;1;;;;1;1
Celoprefarbený massa gres;;BATISCOPA ORO;Batiscopa Oro;7x60;The One Interiors;Exteriors;nie;CeDir;Imola;Taliansko;exteriér;sokel;dlažba|gres;exteriors-batiscopa-oro-7x60;1;7,8,10,12,13,14,15,17,19,21,22;11;12;;;;;žltá;zdrsnený;dobrá;R11;A+B+C;áno;8;5;122;5;0,15;V2;od 2,5;;I;6.00 €;3.10 €;3.47 €;;BATISCOPA ORO 7x60;;ks;-2;180000;;;;,7,8,10,12,13,14,15,17,19,21,22,; ; ; ; ; ; ;7;8; ;10; ;12;13;14;15; ;17; ;19; ;21;22;;exteriors-sokel-7x60.jpg;bnv;1;1;1;0;1;1;0;;;Batiscopa Oro zo série Exteriors je celoprefarbený massa gres rozmer 7x60 mm do interiérových,  i exteriérových priestorov. Zdrsnený dlažba|gres je použiteľný do obchodu, do vstupov budov, pivníc, garáží, šatne, do priestorov so záťažou ;Batiscopa Oro, Exteriors, Celoprefarbený massa gres, dlažba|gres, zdrsnený, mrazuvzdorná, ;"Sokel Batiscopa Oro zo série Exteriors, je nerektifikovaný, celoprefarbený massa gres rozmeru 7x60 cm od výrobcu Imola - Taliansko. Hrúbka materiálu je 11 mm, s doporučenou šírkou špár od 2,5 mm.
TECHNICKÉ VLASTNOSTI: 
žltá farba, zdrsnený povrch, dobrá protišmykovosť (trieda protišmykovosti R11, trieda protišmykovosti bosá noha A+B+C), mrazuvzdornosť, tvrdosť 8, trieda oteruvzdornosti 5, obrusnosť ≤ 122 mm³, trieda odolnosti voči škvrnám 5, nasiakavosť ≤ 0,15 %, variabilita vzoru V2.
MATERIÁL JE URČENÝ DO: 
bytových, nebytových i vonkajších priestorov. Sokel je vhodný do obchodných priestorov, do vstupov budov, na terasy, chodníky, vonkajšie schodiská a balkóny, do pivníc, do garáží, do wellness, bazénov a okolia, do šatní, extrémne zaťažovaných a iných vhodných priestorov. 

Bežná cena je 7.2 €/ks s DPH.
VAŠA CENA je 3.72 €/ks s DPH.";7;60;"Sokel je vhodný do obchodných priestorov, do vstupov budov, na terasy, chodníky, vonkajšie schodiská a balkóny, do pivníc, do garáží, do wellness, bazénov a okolia, do šatní, extrémne zaťažovaných a iných vhodných priestorov. 

Bežná cena je 7.2 €/ks s DPH.
VAŠA CENA je 3.72 €/ks s DPH.";2.9512;;exteriors-batiscopa-oro-7x60;exteriors-batiscopa-oro-7x60;;;;;1;;;;1;1
Celoprefarbený massa gres;;BATISCOPA BIANCO;Batiscopa Bianco;7x60;The One Interiors;Exteriors;nie;CeDir;Imola;Taliansko;exteriér;sokel;dlažba|gres;exteriors-batiscopa-bianco-7x60;1;7,8,10,12,13,14,15,17,19,21,22;11;12;;;;;biela;zdrsnený;dobrá;R11;A+B+C;áno;8;5;122;5;0,15;V2;od 2,5;;I;6.00 €;3.10 €;3.47 €;;BATISCOPA BIANCO 7x60;;ks;-2;180000;;;;,7,8,10,12,13,14,15,17,19,21,22,; ; ; ; ; ; ;7;8; ;10; ;12;13;14;15; ;17; ;19; ;21;22;;exteriors-sokel-7x60.jpg;bnv;1;1;1;0;1;1;0;;;Batiscopa Bianco zo série Exteriors je celoprefarbený massa gres rozmer 7x60 mm do interiérových,  i exteriérových priestorov. Zdrsnený dlažba|gres je použiteľný do obchodu, do vstupov budov, pivníc, garáží, šatne, do priestorov so záťažou ;Batiscopa Bianco, Exteriors, Celoprefarbený massa gres, dlažba|gres, zdrsnený, mrazuvzdorná, ;"Sokel Batiscopa Bianco zo série Exteriors, je nerektifikovaný, celoprefarbený massa gres rozmeru 7x60 cm od výrobcu Imola - Taliansko. Hrúbka materiálu je 11 mm, s doporučenou šírkou špár od 2,5 mm.
TECHNICKÉ VLASTNOSTI: 
biela farba, zdrsnený povrch, dobrá protišmykovosť (trieda protišmykovosti R11, trieda protišmykovosti bosá noha A+B+C), mrazuvzdornosť, tvrdosť 8, trieda oteruvzdornosti 5, obrusnosť ≤ 122 mm³, trieda odolnosti voči škvrnám 5, nasiakavosť ≤ 0,15 %, variabilita vzoru V2.
MATERIÁL JE URČENÝ DO: 
bytových, nebytových i vonkajších priestorov. Sokel je vhodný do obchodných priestorov, do vstupov budov, na terasy, chodníky, vonkajšie schodiská a balkóny, do pivníc, do garáží, do wellness, bazénov a okolia, do šatní, extrémne zaťažovaných a iných vhodných priestorov. 

Bežná cena je 7.2 €/ks s DPH.
VAŠA CENA je 3.72 €/ks s DPH.";7;60;"Sokel je vhodný do obchodných priestorov, do vstupov budov, na terasy, chodníky, vonkajšie schodiská a balkóny, do pivníc, do garáží, do wellness, bazénov a okolia, do šatní, extrémne zaťažovaných a iných vhodných priestorov. 

Bežná cena je 7.2 €/ks s DPH.
VAŠA CENA je 3.72 €/ks s DPH.";2.9512;;exteriors-batiscopa-bianco-7x60;exteriors-batiscopa-bianco-7x60;;;;;1;;;;1;1
Celoprefarbený massa gres;;BATISCOPA NERO;Batiscopa Nero;7x60;The One Interiors;Exteriors;nie;CeDir;Imola;Taliansko;exteriér;sokel;dlažba|gres;exteriors-batiscopa-nero-7x60;1;7,8,10,12,13,14,15,17,19,21,22;11;12;;;;;čierna;zdrsnený;dobrá;R11;A+B+C;áno;8;5;122;5;0,15;V2;od 2,5;;I;6.00 €;3.10 €;3.47 €;;BATISCOPA NERO 7x60;;ks;-2;180000;;;;,7,8,10,12,13,14,15,17,19,21,22,; ; ; ; ; ; ;7;8; ;10; ;12;13;14;15; ;17; ;19; ;21;22;;exteriors-sokel-7x60.jpg;bnv;1;1;1;0;1;1;0;;;Batiscopa Nero zo série Exteriors je celoprefarbený massa gres rozmer 7x60 mm do interiérových,  i exteriérových priestorov. Zdrsnený dlažba|gres je použiteľný do obchodu, do vstupov budov, pivníc, garáží, šatne, do priestorov so záťažou ;Batiscopa Nero, Exteriors, Celoprefarbený massa gres, dlažba|gres, zdrsnený, mrazuvzdorná, ;"Sokel Batiscopa Nero zo série Exteriors, je nerektifikovaný, celoprefarbený massa gres rozmeru 7x60 cm od výrobcu Imola - Taliansko. Hrúbka materiálu je 11 mm, s doporučenou šírkou špár od 2,5 mm.
TECHNICKÉ VLASTNOSTI: 
čierna farba, zdrsnený povrch, dobrá protišmykovosť (trieda protišmykovosti R11, trieda protišmykovosti bosá noha A+B+C), mrazuvzdornosť, tvrdosť 8, trieda oteruvzdornosti 5, obrusnosť ≤ 122 mm³, trieda odolnosti voči škvrnám 5, nasiakavosť ≤ 0,15 %, variabilita vzoru V2.
MATERIÁL JE URČENÝ DO: 
bytových, nebytových i vonkajších priestorov. Sokel je vhodný do obchodných priestorov, do vstupov budov, na terasy, chodníky, vonkajšie schodiská a balkóny, do pivníc, do garáží, do wellness, bazénov a okolia, do šatní, extrémne zaťažovaných a iných vhodných priestorov. 

Bežná cena je 7.2 €/ks s DPH.
VAŠA CENA je 3.72 €/ks s DPH.";7;60;"Sokel je vhodný do obchodných priestorov, do vstupov budov, na terasy, chodníky, vonkajšie schodiská a balkóny, do pivníc, do garáží, do wellness, bazénov a okolia, do šatní, extrémne zaťažovaných a iných vhodných priestorov. 

Bežná cena je 7.2 €/ks s DPH.
VAŠA CENA je 3.72 €/ks s DPH.";2.9512;;exteriors-batiscopa-nero-7x60;exteriors-batiscopa-nero-7x60;;;;;1;;;;1;1
Celoprefarbený massa gres;;BATISCOPA GRIGIO;Batiscopa Grigio;7x60;The One Interiors;Exteriors;nie;CeDir;Imola;Taliansko;exteriér;sokel;dlažba|gres;exteriors-batiscopa-grigio-7x60;1;7,8,10,12,13,14,15,17,19,21,22;11;12;;;;;šedá;zdrsnený;dobrá;R11;A+B+C;áno;8;5;122;5;0,15;V2;od 2,5;;I;6.00 €;3.10 €;3.47 €;;BATISCOPA GRIGIO 7x60;;ks;-2;180000;;;;,7,8,10,12,13,14,15,17,19,21,22,; ; ; ; ; ; ;7;8; ;10; ;12;13;14;15; ;17; ;19; ;21;22;;exteriors-sokel-7x60.jpg;bnv;1;1;1;0;1;1;0;;;Batiscopa Grigio zo série Exteriors je celoprefarbený massa gres rozmer 7x60 mm do interiérových,  i exteriérových priestorov. Zdrsnený dlažba|gres je použiteľný do obchodu, do vstupov budov, pivníc, garáží, šatne, do priestorov so záťažou ;Batiscopa Grigio, Exteriors, Celoprefarbený massa gres, dlažba|gres, zdrsnený, mrazuvzdorná, ;"Sokel Batiscopa Grigio zo série Exteriors, je nerektifikovaný, celoprefarbený massa gres rozmeru 7x60 cm od výrobcu Imola - Taliansko. Hrúbka materiálu je 11 mm, s doporučenou šírkou špár od 2,5 mm.
TECHNICKÉ VLASTNOSTI: 
šedá farba, zdrsnený povrch, dobrá protišmykovosť (trieda protišmykovosti R11, trieda protišmykovosti bosá noha A+B+C), mrazuvzdornosť, tvrdosť 8, trieda oteruvzdornosti 5, obrusnosť ≤ 122 mm³, trieda odolnosti voči škvrnám 5, nasiakavosť ≤ 0,15 %, variabilita vzoru V2.
MATERIÁL JE URČENÝ DO: 
bytových, nebytových i vonkajších priestorov. Sokel je vhodný do obchodných priestorov, do vstupov budov, na terasy, chodníky, vonkajšie schodiská a balkóny, do pivníc, do garáží, do wellness, bazénov a okolia, do šatní, extrémne zaťažovaných a iných vhodných priestorov. 

Bežná cena je 7.2 €/ks s DPH.
VAŠA CENA je 3.72 €/ks s DPH.";7;60;"Sokel je vhodný do obchodných priestorov, do vstupov budov, na terasy, chodníky, vonkajšie schodiská a balkóny, do pivníc, do garáží, do wellness, bazénov a okolia, do šatní, extrémne zaťažovaných a iných vhodných priestorov. 

Bežná cena je 7.2 €/ks s DPH.
VAŠA CENA je 3.72 €/ks s DPH.";2.9512;;exteriors-batiscopa-grigio-7x60;exteriors-batiscopa-grigio-7x60;;;;;1;;;;1;1
Celoprefarbený massa gres;;STEP MOKA;Gradone Moka;30x60;The One Interiors;Exteriors;nie;CeDir;Imola;Taliansko;exteriér;schodnica;dlažba|gres;exteriors-gradone-moka-30x60;1;5.12;11;6;1.08;32;34.56;787;hnedá;zdrsnený;dobrá;R11;A+B+C;áno;8;5;122;5;0,15;V2;od 2,5;;I;12.00 €;4.50 €;5.04 €;;STEP MOKA 30x60;;ks;-2;180000;;;;,5.12,; ; ; ; ; ; ; ; ; ; ; ; ; ; ; ; ; ; ; ; ; ; ;;exteriors-schodnica-30x60.jpg;bnv;1;1;1;0;1;1;0;;;Gradone Moka zo série Exteriors je celoprefarbený massa gres rozmer 30x60 mm do interiérových,  i exteriérových priestorov. Zdrsnený dlažba|gres je použiteľný do ...;Gradone Moka, Exteriors, Celoprefarbený massa gres, dlažba|gres, zdrsnený, mrazuvzdorná, ;"Schodnica Gradone Moka zo série Exteriors, je nerektifikovaný, celoprefarbený massa gres rozmeru 30x60 cm od výrobcu Imola - Taliansko. Hrúbka materiálu je 11 mm, s doporučenou šírkou špár od 2,5 mm.
TECHNICKÉ VLASTNOSTI: 
hnedá farba, zdrsnený povrch, dobrá protišmykovosť (trieda protišmykovosti R11, trieda protišmykovosti bosá noha A+B+C), mrazuvzdornosť, tvrdosť 8, trieda oteruvzdornosti 5, obrusnosť ≤ 122 mm³, trieda odolnosti voči škvrnám 5, nasiakavosť ≤ 0,15 %, variabilita vzoru V2.
MATERIÁL JE URČENÝ DO: 
bytových, nebytových i vonkajších priestorov. Schodnica je vhodná a iných vhodných priestorov. 

Bežná cena je 14.4 €/ks s DPH.
VAŠA CENA je 5.4 €/ks s DPH.";30;60;"Schodnica je vhodná a iných vhodných priestorov. 

Bežná cena je 14.4 €/ks s DPH.
VAŠA CENA je 5.4 €/ks s DPH.";4.284;;exteriors-gradone-moka-30x60;exteriors-gradone-moka-30x60;;;;;1;;;;1;1
Celoprefarbený massa gres;;STEP VERDE;Gradone Verde;30x60;The One Interiors;Exteriors;nie;CeDir;Imola;Taliansko;exteriér;schodnica;dlažba|gres;exteriors-gradone-verde-30x60;1;5.12;11;6;1.08;32;34.56;787;zelená;zdrsnený;dobrá;R11;A+B+C;áno;8;5;122;5;0,15;V2;od 2,5;;I;12.00 €;4.50 €;5.04 €;;STEP VERDE 30x60;;ks;-2;180000;;;;,5.12,; ; ; ; ; ; ; ; ; ; ; ; ; ; ; ; ; ; ; ; ; ; ;;exteriors-schodnica-30x60.jpg;bnv;1;1;1;0;1;1;0;;;Gradone Verde zo série Exteriors je celoprefarbený massa gres rozmer 30x60 mm do interiérových,  i exteriérových priestorov. Zdrsnený dlažba|gres je použiteľný do ...;Gradone Verde, Exteriors, Celoprefarbený massa gres, dlažba|gres, zdrsnený, mrazuvzdorná, ;"Schodnica Gradone Verde zo série Exteriors, je nerektifikovaný, celoprefarbený massa gres rozmeru 30x60 cm od výrobcu Imola - Taliansko. Hrúbka materiálu je 11 mm, s doporučenou šírkou špár od 2,5 mm.
TECHNICKÉ VLASTNOSTI: 
zelená farba, zdrsnený povrch, dobrá protišmykovosť (trieda protišmykovosti R11, trieda protišmykovosti bosá noha A+B+C), mrazuvzdornosť, tvrdosť 8, trieda oteruvzdornosti 5, obrusnosť ≤ 122 mm³, trieda odolnosti voči škvrnám 5, nasiakavosť ≤ 0,15 %, variabilita vzoru V2.
MATERIÁL JE URČENÝ DO: 
bytových, nebytových i vonkajších priestorov. Schodnica je vhodná a iných vhodných priestorov. 

Bežná cena je 14.4 €/ks s DPH.
VAŠA CENA je 5.4 €/ks s DPH.";30;60;"Schodnica je vhodná a iných vhodných priestorov. 

Bežná cena je 14.4 €/ks s DPH.
VAŠA CENA je 5.4 €/ks s DPH.";4.284;;exteriors-gradone-verde-30x60;exteriors-gradone-verde-30x60;;;;;1;;;;1;1
Celoprefarbený massa gres;;STEP ORO;Gradone Oro;30x60;The One Interiors;Exteriors;nie;CeDir;Imola;Taliansko;exteriér;schodnica;dlažba|gres;exteriors-gradone-oro-30x60;1;5.12;11;6;1.08;32;34.56;787;žltá;zdrsnený;dobrá;R11;A+B+C;áno;8;5;122;5;0,15;V2;od 2,5;;I;12.00 €;4.50 €;5.04 €;;STEP ORO 30x60;;ks;-2;180000;;;;,5.12,; ; ; ; ; ; ; ; ; ; ; ; ; ; ; ; ; ; ; ; ; ; ;;exteriors-schodnica-30x60.jpg;bnv;1;1;1;0;1;1;0;;;Gradone Oro zo série Exteriors je celoprefarbený massa gres rozmer 30x60 mm do interiérových,  i exteriérových priestorov. Zdrsnený dlažba|gres je použiteľný do ...;Gradone Oro, Exteriors, Celoprefarbený massa gres, dlažba|gres, zdrsnený, mrazuvzdorná, ;"Schodnica Gradone Oro zo série Exteriors, je nerektifikovaný, celoprefarbený massa gres rozmeru 30x60 cm od výrobcu Imola - Taliansko. Hrúbka materiálu je 11 mm, s doporučenou šírkou špár od 2,5 mm.
TECHNICKÉ VLASTNOSTI: 
žltá farba, zdrsnený povrch, dobrá protišmykovosť (trieda protišmykovosti R11, trieda protišmykovosti bosá noha A+B+C), mrazuvzdornosť, tvrdosť 8, trieda oteruvzdornosti 5, obrusnosť ≤ 122 mm³, trieda odolnosti voči škvrnám 5, nasiakavosť ≤ 0,15 %, variabilita vzoru V2.
MATERIÁL JE URČENÝ DO: 
bytových, nebytových i vonkajších priestorov. Schodnica je vhodná a iných vhodných priestorov. 

Bežná cena je 14.4 €/ks s DPH.
VAŠA CENA je 5.4 €/ks s DPH.";30;60;"Schodnica je vhodná a iných vhodných priestorov. 

Bežná cena je 14.4 €/ks s DPH.
VAŠA CENA je 5.4 €/ks s DPH.";4.284;;exteriors-gradone-oro-30x60;exteriors-gradone-oro-30x60;;;;;1;;;;1;1
Celoprefarbený massa gres;;STEP BIANCO;Gradone Bianco;30x60;The One Interiors;Exteriors;nie;CeDir;Imola;Taliansko;exteriér;schodnica;dlažba|gres;exteriors-gradone-bianco-30x60;1;5.12;11;6;1.08;32;34.56;787;biela;zdrsnený;dobrá;R11;A+B+C;áno;8;5;122;5;0,15;V2;od 2,5;;I;12.00 €;4.50 €;5.04 €;;STEP BIANCO 30x60;;ks;-2;180000;;;;,5.12,; ; ; ; ; ; ; ; ; ; ; ; ; ; ; ; ; ; ; ; ; ; ;;exteriors-schodnica-30x60.jpg;bnv;1;1;1;0;1;1;0;;;Gradone Bianco zo série Exteriors je celoprefarbený massa gres rozmer 30x60 mm do interiérových,  i exteriérových priestorov. Zdrsnený dlažba|gres je použiteľný do ...;Gradone Bianco, Exteriors, Celoprefarbený massa gres, dlažba|gres, zdrsnený, mrazuvzdorná, ;"Schodnica Gradone Bianco zo série Exteriors, je nerektifikovaný, celoprefarbený massa gres rozmeru 30x60 cm od výrobcu Imola - Taliansko. Hrúbka materiálu je 11 mm, s doporučenou šírkou špár od 2,5 mm.
TECHNICKÉ VLASTNOSTI: 
biela farba, zdrsnený povrch, dobrá protišmykovosť (trieda protišmykovosti R11, trieda protišmykovosti bosá noha A+B+C), mrazuvzdornosť, tvrdosť 8, trieda oteruvzdornosti 5, obrusnosť ≤ 122 mm³, trieda odolnosti voči škvrnám 5, nasiakavosť ≤ 0,15 %, variabilita vzoru V2.
MATERIÁL JE URČENÝ DO: 
bytových, nebytových i vonkajších priestorov. Schodnica je vhodná a iných vhodných priestorov. 

Bežná cena je 14.4 €/ks s DPH.
VAŠA CENA je 5.4 €/ks s DPH.";30;60;"Schodnica je vhodná a iných vhodných priestorov. 

Bežná cena je 14.4 €/ks s DPH.
VAŠA CENA je 5.4 €/ks s DPH.";4.284;;exteriors-gradone-bianco-30x60;exteriors-gradone-bianco-30x60;;;;;1;;;;1;1
Celoprefarbený massa gres;;STEP NERO;Gradone Nero;30x60;The One Interiors;Exteriors;nie;CeDir;Imola;Taliansko;exteriér;schodnica;dlažba|gres;exteriors-gradone-nero-30x60;1;5.12;11;6;1.08;32;34.56;787;čierna;zdrsnený;dobrá;R11;A+B+C;áno;8;5;122;5;0,15;V2;od 2,5;;I;12.00 €;4.50 €;5.04 €;;STEP NERO 30x60;;ks;-2;180000;;;;,5.12,; ; ; ; ; ; ; ; ; ; ; ; ; ; ; ; ; ; ; ; ; ; ;;exteriors-schodnica-30x60.jpg;bnv;1;1;1;0;1;1;0;;;Gradone Nero zo série Exteriors je celoprefarbený massa gres rozmer 30x60 mm do interiérových,  i exteriérových priestorov. Zdrsnený dlažba|gres je použiteľný do ...;Gradone Nero, Exteriors, Celoprefarbený massa gres, dlažba|gres, zdrsnený, mrazuvzdorná, ;"Schodnica Gradone Nero zo série Exteriors, je nerektifikovaný, celoprefarbený massa gres rozmeru 30x60 cm od výrobcu Imola - Taliansko. Hrúbka materiálu je 11 mm, s doporučenou šírkou špár od 2,5 mm.
TECHNICKÉ VLASTNOSTI: 
čierna farba, zdrsnený povrch, dobrá protišmykovosť (trieda protišmykovosti R11, trieda protišmykovosti bosá noha A+B+C), mrazuvzdornosť, tvrdosť 8, trieda oteruvzdornosti 5, obrusnosť ≤ 122 mm³, trieda odolnosti voči škvrnám 5, nasiakavosť ≤ 0,15 %, variabilita vzoru V2.
MATERIÁL JE URČENÝ DO: 
bytových, nebytových i vonkajších priestorov. Schodnica je vhodná a iných vhodných priestorov. 

Bežná cena je 14.4 €/ks s DPH.
VAŠA CENA je 5.4 €/ks s DPH.";30;60;"Schodnica je vhodná a iných vhodných priestorov. 

Bežná cena je 14.4 €/ks s DPH.
VAŠA CENA je 5.4 €/ks s DPH.";4.284;;exteriors-gradone-nero-30x60;exteriors-gradone-nero-30x60;;;;;1;;;;1;1
Celoprefarbený massa gres;;STEP GRIGIO;Gradone Grigio;30x60;The One Interiors;Exteriors;nie;CeDir;Imola;Taliansko;exteriér;schodnica;dlažba|gres;exteriors-gradone-grigio-30x60;1;5.12;11;6;1.08;32;34.56;787;šedá;zdrsnený;dobrá;R11;A+B+C;áno;8;5;122;5;0,15;V2;od 2,5;;I;12.00 €;4.50 €;5.04 €;;STEP GRIGIO 30x60;;ks;-2;180000;;;;,5.12,; ; ; ; ; ; ; ; ; ; ; ; ; ; ; ; ; ; ; ; ; ; ;;exteriors-schodnica-30x60.jpg;bnv;1;1;1;0;1;1;0;;;Gradone Grigio zo série Exteriors je celoprefarbený massa gres rozmer 30x60 mm do interiérových,  i exteriérových priestorov. Zdrsnený dlažba|gres je použiteľný do ...;Gradone Grigio, Exteriors, Celoprefarbený massa gres, dlažba|gres, zdrsnený, mrazuvzdorná, ;"Schodnica Gradone Grigio zo série Exteriors, je nerektifikovaný, celoprefarbený massa gres rozmeru 30x60 cm od výrobcu Imola - Taliansko. Hrúbka materiálu je 11 mm, s doporučenou šírkou špár od 2,5 mm.
TECHNICKÉ VLASTNOSTI: 
šedá farba, zdrsnený povrch, dobrá protišmykovosť (trieda protišmykovosti R11, trieda protišmykovosti bosá noha A+B+C), mrazuvzdornosť, tvrdosť 8, trieda oteruvzdornosti 5, obrusnosť ≤ 122 mm³, trieda odolnosti voči škvrnám 5, nasiakavosť ≤ 0,15 %, variabilita vzoru V2.
MATERIÁL JE URČENÝ DO: 
bytových, nebytových i vonkajších priestorov. Schodnica je vhodná a iných vhodných priestorov. 

Bežná cena je 14.4 €/ks s DPH.
VAŠA CENA je 5.4 €/ks s DPH.";30;60;"Schodnica je vhodná a iných vhodných priestorov. 

Bežná cena je 14.4 €/ks s DPH.
VAŠA CENA je 5.4 €/ks s DPH.";4.284;;exteriors-gradone-grigio-30x60;exteriors-gradone-grigio-30x60;;;;;1;;;;1;1
Celoprefarbený massa gres;;STEP MOKA;Gradone Moka;60x60;The One Interiors;Exteriors;nie;CeDir;Imola;Taliansko;exteriér;schodnica;dlažba|gres;exteriors-gradone-moka-60x60;1;5.12;11;3;1.08;32;34.56;787;hnedá;zdrsnený;dobrá;R11;A+B+C;áno;8;5;122;5;0,15;V2;od 2,5;;I;12.00 €;4.50 €;5.04 €;;STEP MOKA 60x60;;ks;-2;180000;;;;,5.12,; ; ; ; ; ; ; ; ; ; ; ; ; ; ; ; ; ; ; ; ; ; ;;exteriors-schodnica-30x60.jpg;bnv;1;1;1;0;1;1;0;;;Gradone Moka zo série Exteriors je celoprefarbený massa gres rozmer 60x60 mm do interiérových,  i exteriérových priestorov. Zdrsnený dlažba|gres je použiteľný do ...;Gradone Moka, Exteriors, Celoprefarbený massa gres, dlažba|gres, zdrsnený, mrazuvzdorná, ;"Schodnica Gradone Moka zo série Exteriors, je nerektifikovaný, celoprefarbený massa gres rozmeru 60x60 cm od výrobcu Imola - Taliansko. Hrúbka materiálu je 11 mm, s doporučenou šírkou špár od 2,5 mm.
TECHNICKÉ VLASTNOSTI: 
hnedá farba, zdrsnený povrch, dobrá protišmykovosť (trieda protišmykovosti R11, trieda protišmykovosti bosá noha A+B+C), mrazuvzdornosť, tvrdosť 8, trieda oteruvzdornosti 5, obrusnosť ≤ 122 mm³, trieda odolnosti voči škvrnám 5, nasiakavosť ≤ 0,15 %, variabilita vzoru V2.
MATERIÁL JE URČENÝ DO: 
bytových, nebytových i vonkajších priestorov. Schodnica je vhodná a iných vhodných priestorov. 

Bežná cena je 14.4 €/ks s DPH.
VAŠA CENA je 5.4 €/ks s DPH.";60;60;"Schodnica je vhodná a iných vhodných priestorov. 

Bežná cena je 14.4 €/ks s DPH.
VAŠA CENA je 5.4 €/ks s DPH.";4.284;;exteriors-gradone-moka-60x60;exteriors-gradone-moka-60x60;;;;;1;;;;1;1
Celoprefarbený massa gres;;STEP VERDE;Gradone Verde;60x60;The One Interiors;Exteriors;nie;CeDir;Imola;Taliansko;exteriér;schodnica;dlažba|gres;exteriors-gradone-verde-60x60;1;5.12;11;3;1.08;32;34.56;787;zelená;zdrsnený;dobrá;R11;A+B+C;áno;8;5;122;5;0,15;V2;od 2,5;;I;12.00 €;6.30 €;7.06 €;;STEP VERDE 60x60;;ks;-2;180000;;;;,5.12,; ; ; ; ; ; ; ; ; ; ; ; ; ; ; ; ; ; ; ; ; ; ;;exteriors-schodnica-30x60.jpg;bnv;1;1;1;0;1;1;0;;;Gradone Verde zo série Exteriors je celoprefarbený massa gres rozmer 60x60 mm do interiérových,  i exteriérových priestorov. Zdrsnený dlažba|gres je použiteľný do ...;Gradone Verde, Exteriors, Celoprefarbený massa gres, dlažba|gres, zdrsnený, mrazuvzdorná, ;"Schodnica Gradone Verde zo série Exteriors, je nerektifikovaný, celoprefarbený massa gres rozmeru 60x60 cm od výrobcu Imola - Taliansko. Hrúbka materiálu je 11 mm, s doporučenou šírkou špár od 2,5 mm.
TECHNICKÉ VLASTNOSTI: 
zelená farba, zdrsnený povrch, dobrá protišmykovosť (trieda protišmykovosti R11, trieda protišmykovosti bosá noha A+B+C), mrazuvzdornosť, tvrdosť 8, trieda oteruvzdornosti 5, obrusnosť ≤ 122 mm³, trieda odolnosti voči škvrnám 5, nasiakavosť ≤ 0,15 %, variabilita vzoru V2.
MATERIÁL JE URČENÝ DO: 
bytových, nebytových i vonkajších priestorov. Schodnica je vhodná a iných vhodných priestorov. 

Bežná cena je 14.4 €/ks s DPH.
VAŠA CENA je 7.56 €/ks s DPH.";60;60;"Schodnica je vhodná a iných vhodných priestorov. 

Bežná cena je 14.4 €/ks s DPH.
VAŠA CENA je 7.56 €/ks s DPH.";5.9976;;exteriors-gradone-verde-60x60;exteriors-gradone-verde-60x60;;;;;1;;;;1;1
Celoprefarbený massa gres;;STEP ORO;Gradone Oro;60x60;The One Interiors;Exteriors;nie;CeDir;Imola;Taliansko;exteriér;schodnica;dlažba|gres;exteriors-gradone-oro-60x60;1;5.12;11;3;1.08;32;34.56;787;žltá;zdrsnený;dobrá;R11;A+B+C;áno;8;5;122;5;0,15;V2;od 2,5;;I;12.00 €;6.30 €;7.06 €;;STEP ORO 60x60;;ks;-2;180000;;;;,5.12,; ; ; ; ; ; ; ; ; ; ; ; ; ; ; ; ; ; ; ; ; ; ;;exteriors-schodnica-30x60.jpg;bnv;1;1;1;0;1;1;0;;;Gradone Oro zo série Exteriors je celoprefarbený massa gres rozmer 60x60 mm do interiérových,  i exteriérových priestorov. Zdrsnený dlažba|gres je použiteľný do ...;Gradone Oro, Exteriors, Celoprefarbený massa gres, dlažba|gres, zdrsnený, mrazuvzdorná, ;"Schodnica Gradone Oro zo série Exteriors, je nerektifikovaný, celoprefarbený massa gres rozmeru 60x60 cm od výrobcu Imola - Taliansko. Hrúbka materiálu je 11 mm, s doporučenou šírkou špár od 2,5 mm.
TECHNICKÉ VLASTNOSTI: 
žltá farba, zdrsnený povrch, dobrá protišmykovosť (trieda protišmykovosti R11, trieda protišmykovosti bosá noha A+B+C), mrazuvzdornosť, tvrdosť 8, trieda oteruvzdornosti 5, obrusnosť ≤ 122 mm³, trieda odolnosti voči škvrnám 5, nasiakavosť ≤ 0,15 %, variabilita vzoru V2.
MATERIÁL JE URČENÝ DO: 
bytových, nebytových i vonkajších priestorov. Schodnica je vhodná a iných vhodných priestorov. 

Bežná cena je 14.4 €/ks s DPH.
VAŠA CENA je 7.56 €/ks s DPH.";60;60;"Schodnica je vhodná a iných vhodných priestorov. 

Bežná cena je 14.4 €/ks s DPH.
VAŠA CENA je 7.56 €/ks s DPH.";5.9976;;exteriors-gradone-oro-60x60;exteriors-gradone-oro-60x60;;;;;1;;;;1;1
Celoprefarbený massa gres;;STEP BIANCO;Gradone Bianco;60x60;The One Interiors;Exteriors;nie;CeDir;Imola;Taliansko;exteriér;schodnica;dlažba|gres;exteriors-gradone-bianco-60x60;1;5.12;11;3;1.08;32;34.56;787;biela;zdrsnený;dobrá;R11;A+B+C;áno;8;5;122;5;0,15;V2;od 2,5;;I;12.00 €;6.30 €;7.06 €;;STEP BIANCO 60x60;;ks;-2;180000;;;;,5.12,; ; ; ; ; ; ; ; ; ; ; ; ; ; ; ; ; ; ; ; ; ; ;;exteriors-schodnica-30x60.jpg;bnv;1;1;1;0;1;1;0;;;Gradone Bianco zo série Exteriors je celoprefarbený massa gres rozmer 60x60 mm do interiérových,  i exteriérových priestorov. Zdrsnený dlažba|gres je použiteľný do ...;Gradone Bianco, Exteriors, Celoprefarbený massa gres, dlažba|gres, zdrsnený, mrazuvzdorná, ;"Schodnica Gradone Bianco zo série Exteriors, je nerektifikovaný, celoprefarbený massa gres rozmeru 60x60 cm od výrobcu Imola - Taliansko. Hrúbka materiálu je 11 mm, s doporučenou šírkou špár od 2,5 mm.
TECHNICKÉ VLASTNOSTI: 
biela farba, zdrsnený povrch, dobrá protišmykovosť (trieda protišmykovosti R11, trieda protišmykovosti bosá noha A+B+C), mrazuvzdornosť, tvrdosť 8, trieda oteruvzdornosti 5, obrusnosť ≤ 122 mm³, trieda odolnosti voči škvrnám 5, nasiakavosť ≤ 0,15 %, variabilita vzoru V2.
MATERIÁL JE URČENÝ DO: 
bytových, nebytových i vonkajších priestorov. Schodnica je vhodná a iných vhodných priestorov. 

Bežná cena je 14.4 €/ks s DPH.
VAŠA CENA je 7.56 €/ks s DPH.";60;60;"Schodnica je vhodná a iných vhodných priestorov. 

Bežná cena je 14.4 €/ks s DPH.
VAŠA CENA je 7.56 €/ks s DPH.";5.9976;;exteriors-gradone-bianco-60x60;exteriors-gradone-bianco-60x60;;;;;1;;;;1;1
Celoprefarbený massa gres;;STEP NERO;Gradone Nero;60x60;The One Interiors;Exteriors;nie;CeDir;Imola;Taliansko;exteriér;schodnica;dlažba|gres;exteriors-gradone-nero-60x60;1;5.12;11;3;1.08;32;34.56;787;čierna;zdrsnený;dobrá;R11;A+B+C;áno;8;5;122;5;0,15;V2;od 2,5;;I;12.00 €;6.30 €;7.06 €;;STEP NERO 60x60;;ks;-2;180000;;;;,5.12,; ; ; ; ; ; ; ; ; ; ; ; ; ; ; ; ; ; ; ; ; ; ;;exteriors-schodnica-30x60.jpg;bnv;1;1;1;0;1;1;0;;;Gradone Nero zo série Exteriors je celoprefarbený massa gres rozmer 60x60 mm do interiérových,  i exteriérových priestorov. Zdrsnený dlažba|gres je použiteľný do ...;Gradone Nero, Exteriors, Celoprefarbený massa gres, dlažba|gres, zdrsnený, mrazuvzdorná, ;"Schodnica Gradone Nero zo série Exteriors, je nerektifikovaný, celoprefarbený massa gres rozmeru 60x60 cm od výrobcu Imola - Taliansko. Hrúbka materiálu je 11 mm, s doporučenou šírkou špár od 2,5 mm.
TECHNICKÉ VLASTNOSTI: 
čierna farba, zdrsnený povrch, dobrá protišmykovosť (trieda protišmykovosti R11, trieda protišmykovosti bosá noha A+B+C), mrazuvzdornosť, tvrdosť 8, trieda oteruvzdornosti 5, obrusnosť ≤ 122 mm³, trieda odolnosti voči škvrnám 5, nasiakavosť ≤ 0,15 %, variabilita vzoru V2.
MATERIÁL JE URČENÝ DO: 
bytových, nebytových i vonkajších priestorov. Schodnica je vhodná a iných vhodných priestorov. 

Bežná cena je 14.4 €/ks s DPH.
VAŠA CENA je 7.56 €/ks s DPH.";60;60;"Schodnica je vhodná a iných vhodných priestorov. 

Bežná cena je 14.4 €/ks s DPH.
VAŠA CENA je 7.56 €/ks s DPH.";5.9976;;exteriors-gradone-nero-60x60;exteriors-gradone-nero-60x60;;;;;1;;;;1;1
Celoprefarbený massa gres;;STEP GRIGIO;Gradone Grigio;60x60;The One Interiors;Exteriors;nie;CeDir;Imola;Taliansko;exteriér;schodnica;dlažba|gres;exteriors-gradone-grigio-60x60;1;5.12;11;3;1.08;32;34.56;787;šedá;zdrsnený;dobrá;R11;A+B+C;áno;8;5;122;5;0,15;V2;od 2,5;;I;12.00 €;6.30 €;7.06 €;;STEP GRIGIO 60x60;;ks;-2;180000;;;;,5.12,; ; ; ; ; ; ; ; ; ; ; ; ; ; ; ; ; ; ; ; ; ; ;;exteriors-schodnica-30x60.jpg;bnv;1;1;1;0;1;1;0;;;Gradone Grigio zo série Exteriors je celoprefarbený massa gres rozmer 60x60 mm do interiérových,  i exteriérových priestorov. Zdrsnený dlažba|gres je použiteľný do ...;Gradone Grigio, Exteriors, Celoprefarbený massa gres, dlažba|gres, zdrsnený, mrazuvzdorná, ;"Schodnica Gradone Grigio zo série Exteriors, je nerektifikovaný, celoprefarbený massa gres rozmeru 60x60 cm od výrobcu Imola - Taliansko. Hrúbka materiálu je 11 mm, s doporučenou šírkou špár od 2,5 mm.
TECHNICKÉ VLASTNOSTI: 
šedá farba, zdrsnený povrch, dobrá protišmykovosť (trieda protišmykovosti R11, trieda protišmykovosti bosá noha A+B+C), mrazuvzdornosť, tvrdosť 8, trieda oteruvzdornosti 5, obrusnosť ≤ 122 mm³, trieda odolnosti voči škvrnám 5, nasiakavosť ≤ 0,15 %, variabilita vzoru V2.
MATERIÁL JE URČENÝ DO: 
bytových, nebytových i vonkajších priestorov. Schodnica je vhodná a iných vhodných priestorov. 

Bežná cena je 14.4 €/ks s DPH.
VAŠA CENA je 7.56 €/ks s DPH.";60;60;"Schodnica je vhodná a iných vhodných priestorov. 

Bežná cena je 14.4 €/ks s DPH.
VAŠA CENA je 7.56 €/ks s DPH.";5.9976;;exteriors-gradone-grigio-60x60;exteriors-gradone-grigio-60x60;;;;;1;;;;1;1
